source,target,interaction
8,RNF207,loop-gene
29,CLSTN1,loop-gene
71,ECE1,loop-gene
77,EPHB2,loop-gene
78,EPHB2,loop-gene
97,SLC9A1,loop-gene
98,SLC9A1,loop-gene
99,SLC9A1,loop-gene
100,MAP3K6,loop-gene
102,SNORA73B,loop-gene
102,PHACTR4,loop-gene
154,PTPRF,loop-gene
349,TENT5C,loop-gene
354,PHGDH,loop-gene
358,PHGDH,loop-gene
359,PHGDH,loop-gene
366,GABPB2,loop-gene
461,QSOX1,loop-gene
462,QSOX1,loop-gene
471,LAMC2,loop-gene
518,ATP2B4,loop-gene
534,PIGR,loop-gene
535,CR2,loop-gene
550,SLC30A1,loop-gene
551,SLC30A1,loop-gene
552,SLC30A1,loop-gene
553,SLC30A1,loop-gene
583,LINC02474,loop-gene
599,EPHX1,loop-gene
600,EPHX1,loop-gene
611,GALNT2,loop-gene
613,GALNT2,loop-gene
677,AKR1C3,loop-gene
678,AKR1C3,loop-gene
679,AKR1C3,loop-gene
680,AKR1C3,loop-gene
681,AKR1C3,loop-gene
683,AKR1C3,loop-gene
816,BICC1,loop-gene
817,BICC1,loop-gene
818,BICC1,loop-gene
819,BICC1,loop-gene
855,HK1,loop-gene
857,HK1,loop-gene
970,GOT1,loop-gene
976,SCD,loop-gene
977,SCD,loop-gene
978,SCD,loop-gene
1000,ITPRIP,loop-gene
1070,PGGHG,loop-gene
1072,TNNI2,loop-gene
1072,SYT8,loop-gene
1073,TNNI2,loop-gene
1073,SYT8,loop-gene
1074,TNNI2,loop-gene
1074,SYT8,loop-gene
1075,TNNI2,loop-gene
1075,SYT8,loop-gene
1076,SYT8,loop-gene
1077,TNNI2,loop-gene
1077,SYT8,loop-gene
1083,KCNQ1,loop-gene
1084,KCNQ1,loop-gene
1085,KCNQ1,loop-gene
1113,SNORA23,loop-gene
1199,CD44,loop-gene
1202,CD44,loop-gene
1203,CD44,loop-gene
1204,CD44,loop-gene
1205,CD44,loop-gene
1265,CCDC86,loop-gene
1266,CCDC86,loop-gene
1271,SYT7,loop-gene
1326,CAPN5,loop-gene
1379,SESN3,loop-gene
1449,NECTIN1,loop-gene
1467,SIAE,loop-gene
1469,SIAE,loop-gene
1481,ETS1,loop-gene
1482,ETS1,loop-gene
1483,ETS1,loop-gene
1491,APLP2,loop-gene
1492,APLP2,loop-gene
1493,APLP2,loop-gene
1644,TMT1A,loop-gene
1710,MDM1,loop-gene
1796,SNORA53,loop-gene
1797,SNORA53,loop-gene
1803,SLC17A8,loop-gene
1819,CHST11,loop-gene
1821,CHST11,loop-gene
1824,CKAP4,loop-gene
1826,CKAP4,loop-gene
1829,SELPLG,loop-gene
1830,SELPLG,loop-gene
1841,ALDH2,loop-gene
1860,RNFT2,loop-gene
2080,SNORA79B,loop-gene
2081,SNORA79B,loop-gene
2099,PCK2,loop-gene
2100,PCK2,loop-gene
2319,GOLGA8A,loop-gene
2341,CHAC1,loop-gene
2342,CHAC1,loop-gene
2450,NEO1,loop-gene
2451,NEO1,loop-gene
2452,NEO1,loop-gene
2457,SEMA7A,loop-gene
2457,EDC3,loop-gene
2458,SEMA7A,loop-gene
2459,SEMA7A,loop-gene
2461,EDC3,loop-gene
2463,C15orf39,loop-gene
2464,C15orf39,loop-gene
2482,CEMIP,loop-gene
2483,CEMIP,loop-gene
2532,IGF1R,loop-gene
2533,IGF1R,loop-gene
2534,IGF1R,loop-gene
2535,IGF1R,loop-gene
2536,IGF1R,loop-gene
2592,SEZ6L2,loop-gene
2592,EIF3C,loop-gene
2592,PYCARD-AS1,loop-gene
2648,CDH3,loop-gene
2649,CDH3,loop-gene
2651,NOB1,loop-gene
2652,NOB1,loop-gene
2664,FA2H,loop-gene
2665,FA2H,loop-gene
2743,SNORD3B-2,loop-gene
2743,SNORD3C,loop-gene
2743,SNORD3A,loop-gene
2745,SNORD3B-2,loop-gene
2745,SNORD3C,loop-gene
2745,SNORD3A,loop-gene
2800,NR1D1,loop-gene
2802,TNS4,loop-gene
2803,TNS4,loop-gene
2807,JUP,loop-gene
2816,HEXIM1,loop-gene
2823,SP6,loop-gene
2824,CDK5RAP3,loop-gene
2824,SP6,loop-gene
2859,MMD,loop-gene
2861,MMD,loop-gene
2938,SEPTIN9,loop-gene
2944,TBC1D16,loop-gene
2946,TBC1D16,loop-gene
2949,LRRC45,loop-gene
2995,GATA6-AS1,loop-gene
2996,GATA6-AS1,loop-gene
3118,TICAM1,loop-gene
3119,TICAM1,loop-gene
3120,TICAM1,loop-gene
3125,INSR,loop-gene
3126,INSR,loop-gene
3127,INSR,loop-gene
3131,ANGPTL4,loop-gene
3132,ANGPTL4,loop-gene
3143,PRKCSH,loop-gene
3158,TECR,loop-gene
3158,ADGRE5,loop-gene
3178,CCNE1,loop-gene
3207,CYP2S1,loop-gene
3207,TGFB1,loop-gene
3208,CYP2S1,loop-gene
3209,CEACAM5,loop-gene
3210,CEACAM5,loop-gene
3222,CADM4,loop-gene
3225,CADM4,loop-gene
3236,ZC3H4,loop-gene
3236,SLC1A5,loop-gene
3237,SLC1A5,loop-gene
3239,ZC3H4,loop-gene
3240,ZC3H4,loop-gene
3248,NUCB1,loop-gene
3260,MYADM,loop-gene
3261,MYADM,loop-gene
3267,KMT5C,loop-gene
3268,KMT5C,loop-gene
3269,KMT5C,loop-gene
3270,KMT5C,loop-gene
3287,SNORA80B,loop-gene
3289,SNORA80B,loop-gene
3346,LTBP1,loop-gene
3348,LTBP1,loop-gene
3382,ZFP36L2,loop-gene
3383,ZFP36L2,loop-gene
3384,ZFP36L2,loop-gene
3385,ZFP36L2,loop-gene
3386,ZFP36L2,loop-gene
3387,ZFP36L2,loop-gene
3388,ZFP36L2,loop-gene
3389,ZFP36L2,loop-gene
3390,ZFP36L2,loop-gene
3391,ZFP36L2,loop-gene
3481,PCBP1,loop-gene
3482,PCBP1,loop-gene
3484,PCBP1,loop-gene
3523,SNORD94,loop-gene
3569,CKAP2L,loop-gene
3822,ATIC,loop-gene
3823,ATIC,loop-gene
3824,ATIC,loop-gene
3843,SERPINE2,loop-gene
3871,ALPP,loop-gene
4035,JPH2,loop-gene
4114,APP,loop-gene
4165,BACE2,loop-gene
4166,BACE2,loop-gene
4171,PDE9A,loop-gene
4207,KREMEN1,loop-gene
4208,KREMEN1,loop-gene
4210,SF3A1,loop-gene
4210,SMTN,loop-gene
4216,SF3A1,loop-gene
4219,SF3A1,loop-gene
4221,SMTN,loop-gene
4223,SMTN,loop-gene
4255,APOBEC3B,loop-gene
4256,APOBEC3F,loop-gene
4286,GTSE1,loop-gene
4295,BHLHE40,loop-gene
4296,BHLHE40,loop-gene
4305,HRH1,loop-gene
4311,HRH1,loop-gene
4312,HRH1,loop-gene
4380,MYD88,loop-gene
4381,MYD88,loop-gene
4405,CDCP1,loop-gene
4406,CDCP1,loop-gene
4407,CDCP1,loop-gene
4436,PRKCD,loop-gene
4585,MUC13,loop-gene
4589,MUC13,loop-gene
4591,MUC13,loop-gene
4592,MUC13,loop-gene
4593,MUC13,loop-gene
4714,LEKR1,loop-gene
4714,LINC00880,loop-gene
4715,LEKR1,loop-gene
4715,LINC00880,loop-gene
4718,LEKR1,loop-gene
4719,LEKR1,loop-gene
4719,LINC00880,loop-gene
4721,LEKR1,loop-gene
4721,LINC00880,loop-gene
4722,LEKR1,loop-gene
4722,LINC00880,loop-gene
4723,LEKR1,loop-gene
4723,LINC00880,loop-gene
4724,LINC00880,loop-gene
4803,LAMP3,loop-gene
4804,LAMP3,loop-gene
4805,LAMP3,loop-gene
4901,FAM184B,loop-gene
4902,FAM184B,loop-gene
4992,CXCL8,loop-gene
4993,CXCL8,loop-gene
4994,CXCL8,loop-gene
4995,CXCL8,loop-gene
5014,PARM1,loop-gene
5015,PARM1,loop-gene
5016,PARM1,loop-gene
5017,PARM1,loop-gene
5018,PARM1,loop-gene
5019,PARM1,loop-gene
5097,ARHGEF38,loop-gene
5107,GAR1,loop-gene
5122,ANK2,loop-gene
5125,ANK2,loop-gene
5288,ING2,loop-gene
5304,MTNR1A,loop-gene
5305,MTNR1A,loop-gene
5481,F2R,loop-gene
5482,F2R,loop-gene
5483,F2R,loop-gene
5617,TGFBI,loop-gene
5618,TGFBI,loop-gene
5619,TGFBI,loop-gene
5636,PCDH1,loop-gene
5637,PCDH1,loop-gene
5680,SYNPO,loop-gene
5738,SH3PXD2B,loop-gene
5738,SNORA74B,loop-gene
5743,SH3PXD2B,loop-gene
5745,SNORA74B,loop-gene
5746,SNORA74B,loop-gene
5848,GABBR1,loop-gene
5849,HLA-F,loop-gene
5854,TUBB,loop-gene
5856,HLA-C,loop-gene
5856,HLA-B,loop-gene
5857,HLA-C,loop-gene
5857,HLA-B,loop-gene
5897,PTK7,loop-gene
6127,ENPP1,loop-gene
6128,CCN2,loop-gene
6129,CCN2,loop-gene
6130,CCN2,loop-gene
6137,SLC2A12,loop-gene
6138,SLC2A12,loop-gene
6139,SLC2A12,loop-gene
6142,MYB,loop-gene
6202,ULBP1,loop-gene
6404,NACAD,loop-gene
6426,EGFR,loop-gene
6427,EGFR,loop-gene
6439,CLIP2,loop-gene
6440,POR,loop-gene
6441,HSPB1,loop-gene
6504,NPTX2,loop-gene
6505,NPTX2,loop-gene
6597,COPG2,loop-gene
6598,COPG2,loop-gene
6604,PODXL,loop-gene
6738,CLU,loop-gene
6739,CLU,loop-gene
6798,PCMTD1,loop-gene
6897,CCNE2,loop-gene
6968,CCN3,loop-gene
6969,CCN3,loop-gene
6980,ZHX2,loop-gene
6981,ZHX2,loop-gene
6982,ZHX2,loop-gene
7043,VLDLR,loop-gene
7106,TPM2,loop-gene
7156,KIF27,loop-gene
7157,KIF27,loop-gene
7158,KIF27,loop-gene
7159,KIF27,loop-gene
7205,NR4A3,loop-gene
7206,NR4A3,loop-gene
7223,ZNF462,loop-gene
7230,PALM2AKAP2,loop-gene
7231,PALM2AKAP2,loop-gene
7232,PALM2AKAP2,loop-gene
7249,TNC,loop-gene
7251,TNC,loop-gene
7288,HSPA5,loop-gene
7325,NOTCH1,loop-gene
7326,MAMDC4,loop-gene
7360,SRPX,loop-gene
7377,MAGED1,loop-gene
7400,SLC16A2,loop-gene
7401,SLC16A2,loop-gene
7437,ARHGEF6,loop-gene
7471,CLSTN1,loop-gene
7508,ECE1,loop-gene
7512,EPHB2,loop-gene
7513,EPHB2,loop-gene
7514,EPHB2,loop-gene
7539,SNORA73B,loop-gene
7539,PHACTR4,loop-gene
7574,CDCA8,loop-gene
7576,CDCA8,loop-gene
7594,CDC20,loop-gene
7595,CDC20,loop-gene
7595,PTPRF,loop-gene
7596,PTPRF,loop-gene
7597,PTPRF,loop-gene
7767,SORT1,loop-gene
7796,TENT5C,loop-gene
7797,TENT5C,loop-gene
7799,PHGDH,loop-gene
7810,GABPB2,loop-gene
7820,GATAD2B,loop-gene
7821,GATAD2B,loop-gene
7825,IL6R,loop-gene
7937,QSOX1,loop-gene
7938,QSOX1,loop-gene
7939,QSOX1,loop-gene
7948,LAMC2,loop-gene
8002,ATP2B4,loop-gene
8003,ATP2B4,loop-gene
8018,PIGR,loop-gene
8074,LINC02474,loop-gene
8077,LINC02474,loop-gene
8078,LINC02474,loop-gene
8088,EPHX1,loop-gene
8089,EPHX1,loop-gene
8096,GALNT2,loop-gene
8100,GALNT2,loop-gene
8160,AKR1C3,loop-gene
8161,AKR1C3,loop-gene
8181,FAM171A1,loop-gene
8302,BICC1,loop-gene
8303,BICC1,loop-gene
8304,BICC1,loop-gene
8305,BICC1,loop-gene
8306,BICC1,loop-gene
8307,BICC1,loop-gene
8308,BICC1,loop-gene
8309,BICC1,loop-gene
8343,HNRNPH3,loop-gene
8346,HK1,loop-gene
8348,COL13A1,loop-gene
8349,COL13A1,loop-gene
8492,BAG3,loop-gene
8493,BAG3,loop-gene
8514,SYT8,loop-gene
8518,KCNQ1,loop-gene
8519,KCNQ1,loop-gene
8520,KCNQ1,loop-gene
8521,KCNQ1,loop-gene
8547,SNORA23,loop-gene
8548,SNORA23,loop-gene
8550,SNORA23,loop-gene
8551,SNORA23,loop-gene
8636,CD44,loop-gene
8638,CD44,loop-gene
8722,CAPN5,loop-gene
8763,SESN3,loop-gene
8833,NECTIN1,loop-gene
8834,NECTIN1,loop-gene
8835,NECTIN1,loop-gene
8856,SIAE,loop-gene
8864,ETS1,loop-gene
8867,ETS1,loop-gene
8872,APLP2,loop-gene
9061,TMT1A,loop-gene
9120,MDM1,loop-gene
9204,SNORA53,loop-gene
9206,SNORA53,loop-gene
9212,SLC17A8,loop-gene
9213,SLC17A8,loop-gene
9214,SLC17A8,loop-gene
9227,CHST11,loop-gene
9229,CHST11,loop-gene
9236,CKAP4,loop-gene
9343,SLC7A1,loop-gene
9702,LGMN,loop-gene
9703,LGMN,loop-gene
9766,CHAC1,loop-gene
9770,CHAC1,loop-gene
9771,CHAC1,loop-gene
9897,NEO1,loop-gene
9899,SEMA7A,loop-gene
9900,SEMA7A,loop-gene
9900,EDC3,loop-gene
9901,EDC3,loop-gene
9902,EDC3,loop-gene
9921,CEMIP,loop-gene
9922,CEMIP,loop-gene
9968,IGF1R,loop-gene
9969,IGF1R,loop-gene
9970,IGF1R,loop-gene
9971,IGF1R,loop-gene
9972,IGF1R,loop-gene
9988,CREBBP,loop-gene
10037,PYCARD-AS1,loop-gene
10056,LOC101927480,loop-gene
10059,LOC101927480,loop-gene
10088,CDH3,loop-gene
10089,CDH3,loop-gene
10094,NOB1,loop-gene
10095,NOB1,loop-gene
10098,NOB1,loop-gene
10114,FA2H,loop-gene
10185,TMEM107,loop-gene
10255,TNS4,loop-gene
10270,VAT1,loop-gene
10308,MMD,loop-gene
10404,SEPTIN9,loop-gene
10405,SEPTIN9,loop-gene
10413,LGALS3BP,loop-gene
10419,TBC1D16,loop-gene
10420,TBC1D16,loop-gene
10421,GAA,loop-gene
10422,GAA,loop-gene
10481,GATA6-AS1,loop-gene
10679,LDLR,loop-gene
10682,PRKCSH,loop-gene
10687,ADGRE5,loop-gene
10709,CCNE1,loop-gene
10733,TGFB1,loop-gene
10736,CEACAM5,loop-gene
10744,CADM4,loop-gene
10748,CEACAM19,loop-gene
10755,SLC1A5,loop-gene
10757,ZC3H4,loop-gene
10758,ZC3H4,loop-gene
10768,NUCB1,loop-gene
10783,MYADM,loop-gene
10882,LTBP1,loop-gene
10883,LTBP1,loop-gene
10884,LTBP1,loop-gene
10885,LTBP1,loop-gene
10926,ZFP36L2,loop-gene
10927,ZFP36L2,loop-gene
10928,ZFP36L2,loop-gene
11051,PCBP1,loop-gene
11053,PCBP1,loop-gene
11149,CKAP2L,loop-gene
11150,CKAP2L,loop-gene
11151,CKAP2L,loop-gene
11409,ATIC,loop-gene
11411,ATIC,loop-gene
11439,SERPINE2,loop-gene
11472,ALPP,loop-gene
11478,SCARNA6,loop-gene
11723,APP,loop-gene
11742,SCAF4,loop-gene
11743,SNORA80A,loop-gene
11745,SNORA80A,loop-gene
11837,SMTN,loop-gene
11838,SMTN,loop-gene
11842,TIMP3,loop-gene
11844,TIMP3,loop-gene
11845,TIMP3,loop-gene
11868,APOBEC3F,loop-gene
11868,NPTXR,loop-gene
11868,APOBEC3B,loop-gene
11868,SUN2,loop-gene
11869,APOBEC3F,loop-gene
11869,NPTXR,loop-gene
11869,APOBEC3B,loop-gene
11869,SUN2,loop-gene
11870,APOBEC3F,loop-gene
11870,APOBEC3B,loop-gene
11904,BHLHE40,loop-gene
11905,BHLHE40,loop-gene
11918,HRH1,loop-gene
11919,HRH1,loop-gene
12007,MYD88,loop-gene
12008,MYD88,loop-gene
12009,MYD88,loop-gene
12033,CDCP1,loop-gene
12034,CDCP1,loop-gene
12035,CDCP1,loop-gene
12051,PRKCD,loop-gene
12067,IL17RD,loop-gene
12068,IL17RD,loop-gene
12069,IL17RD,loop-gene
12070,IL17RD,loop-gene
12201,MUC13,loop-gene
12300,LEKR1,loop-gene
12300,LINC00880,loop-gene
12302,LEKR1,loop-gene
12302,LINC00880,loop-gene
12359,LAMP3,loop-gene
12360,LAMP3,loop-gene
12451,FAM184B,loop-gene
12452,FAM184B,loop-gene
12453,FAM184B,loop-gene
12579,CXCL8,loop-gene
12586,PARM1,loop-gene
12685,ARHGEF38,loop-gene
12686,ARHGEF38,loop-gene
12696,GAR1,loop-gene
12697,GAR1,loop-gene
12714,ANK2,loop-gene
12715,ANK2,loop-gene
12716,ANK2,loop-gene
12875,ING2,loop-gene
12876,ING2,loop-gene
12877,ING2,loop-gene
12889,MTNR1A,loop-gene
12891,MTNR1A,loop-gene
13037,F2R,loop-gene
13196,TGFBI,loop-gene
13197,TGFBI,loop-gene
13198,TGFBI,loop-gene
13219,PCDH1,loop-gene
13222,PCDH1,loop-gene
13267,SYNPO,loop-gene
13268,SYNPO,loop-gene
13269,SYNPO,loop-gene
13270,SYNPO,loop-gene
13271,SYNPO,loop-gene
13318,SH3PXD2B,loop-gene
13319,SH3PXD2B,loop-gene
13323,SNORA74B,loop-gene
13324,SNORA74B,loop-gene
13434,GABBR1,loop-gene
13435,GABBR1,loop-gene
13436,HLA-F,loop-gene
13441,HLA-C,loop-gene
13556,LCA5,loop-gene
13710,ENPP1,loop-gene
13711,CCN2,loop-gene
13712,CCN2,loop-gene
13721,SLC2A12,loop-gene
13723,SLC2A12,loop-gene
13724,SLC2A12,loop-gene
13729,MYB,loop-gene
14015,EGFR,loop-gene
14017,EGFR,loop-gene
14018,EGFR,loop-gene
14019,EGFR,loop-gene
14027,HIP1,loop-gene
14093,NPTX2,loop-gene
14178,COPG2,loop-gene
14179,COPG2,loop-gene
14180,COPG2,loop-gene
14221,PDIA4,loop-gene
14455,CCNE2,loop-gene
14456,CCNE2,loop-gene
14457,CCNE2,loop-gene
14458,CCNE2,loop-gene
14531,CCN3,loop-gene
14533,CCN3,loop-gene
14553,ZHX2,loop-gene
14711,TPM2,loop-gene
14777,FRMD3,loop-gene
14778,FRMD3,loop-gene
14857,NR4A3,loop-gene
14858,NR4A3,loop-gene
14859,NR4A3,loop-gene
14861,NR4A3,loop-gene
14862,NR4A3,loop-gene
14863,NR4A3,loop-gene
14881,PALM2AKAP2,loop-gene
14884,PALM2AKAP2,loop-gene
14886,PALM2AKAP2,loop-gene
14887,PALM2AKAP2,loop-gene
14888,PALM2AKAP2,loop-gene
14889,PALM2AKAP2,loop-gene
14890,PALM2AKAP2,loop-gene
14891,PALM2AKAP2,loop-gene
14892,PALM2AKAP2,loop-gene
14918,TNC,loop-gene
14919,TNC,loop-gene
14920,TNC,loop-gene
14941,HSPA5,loop-gene
15011,SRPX,loop-gene
15087,ARHGEF6,loop-gene
15092,NSDHL,loop-gene
15103,RNF207,loop-gene
15132,EPHB2,loop-gene
15143,SLC9A1,loop-gene
15144,MAP3K6,loop-gene
15145,MAP3K6,loop-gene
15214,SORT1,loop-gene
15227,S100A11,loop-gene
15231,GATAD2B,loop-gene
15233,PMVK,loop-gene
15235,HCN3,loop-gene
15260,QSOX1,loop-gene
15261,QSOX1,loop-gene
15262,QSOX1,loop-gene
15290,PIGR,loop-gene
15310,LINC02474,loop-gene
15315,EPHX1,loop-gene
15355,AKR1C3,loop-gene
15409,BICC1,loop-gene
15410,BICC1,loop-gene
15424,HNRNPH3,loop-gene
15452,SCD,loop-gene
15460,ITPRIP,loop-gene
15493,TNNI2,loop-gene
15493,SYT8,loop-gene
15494,TNNI2,loop-gene
15494,SYT8,loop-gene
15495,TNNI2,loop-gene
15495,SYT8,loop-gene
15566,GANAB,loop-gene
15567,GANAB,loop-gene
15610,SESN3,loop-gene
15611,SESN3,loop-gene
15612,SESN3,loop-gene
15613,SESN3,loop-gene
15651,SIAE,loop-gene
15652,SIAE,loop-gene
15653,SIAE,loop-gene
15657,ETS1,loop-gene
15717,TMT1A,loop-gene
15718,TMT1A,loop-gene
15742,MDM1,loop-gene
15744,MDM1,loop-gene
15782,SNORA53,loop-gene
15785,SLC17A8,loop-gene
15786,SLC17A8,loop-gene
15791,CHST11,loop-gene
15792,CHST11,loop-gene
15793,CHST11,loop-gene
15799,SELPLG,loop-gene
15845,SLC7A1,loop-gene
16021,GOLGA8A,loop-gene
16022,GOLGA8A,loop-gene
16079,NEO1,loop-gene
16088,CEMIP,loop-gene
16089,CEMIP,loop-gene
16090,CEMIP,loop-gene
16108,IGF1R,loop-gene
16115,ABCA3,loop-gene
16115,DNASE1L2,loop-gene
16134,SEZ6L2,loop-gene
16137,PYCARD-AS1,loop-gene
16138,PYCARD-AS1,loop-gene
16192,TMEM107,loop-gene
16193,TMEM107,loop-gene
16223,NR1D1,loop-gene
16224,TNS4,loop-gene
16225,TNS4,loop-gene
16233,CDK5RAP3,loop-gene
16240,MMD,loop-gene
16241,MMD,loop-gene
16311,GATA6-AS1,loop-gene
16388,LDLR,loop-gene
16404,CCNE1,loop-gene
16421,KMT5C,loop-gene
16462,LTBP1,loop-gene
16463,LTBP1,loop-gene
16471,ZFP36L2,loop-gene
16472,ZFP36L2,loop-gene
16473,ZFP36L2,loop-gene
16474,ZFP36L2,loop-gene
16475,ZFP36L2,loop-gene
16629,SLC39A10,loop-gene
16655,ATIC,loop-gene
16672,SERPINE2,loop-gene
16673,SERPINE2,loop-gene
16685,ALPP,loop-gene
16686,ALPP,loop-gene
16788,APP,loop-gene
16799,SNORA80A,loop-gene
16800,SNORA80A,loop-gene
16808,BACE2,loop-gene
16823,TIMP3,loop-gene
16828,APOBEC3F,loop-gene
16828,NPTXR,loop-gene
16828,APOBEC3B,loop-gene
16828,SUN2,loop-gene
16839,GTSE1,loop-gene
16846,BHLHE40,loop-gene
16901,IL17RD,loop-gene
16974,MUC13,loop-gene
16976,LINC01471,loop-gene
16977,LINC01471,loop-gene
17073,MAN2B2,loop-gene
17120,CXCL8,loop-gene
17150,ARHGEF38,loop-gene
17160,ANK2,loop-gene
17226,ING2,loop-gene
17227,ING2,loop-gene
17228,ING2,loop-gene
17395,SYNPO,loop-gene
17490,GABBR1,loop-gene
17492,GABBR1,loop-gene
17494,TUBB,loop-gene
17494,PPP1R10,loop-gene
17498,HLA-C,loop-gene
17498,HLA-B,loop-gene
17629,SLC2A12,loop-gene
17647,ULBP1,loop-gene
17749,EGFR,loop-gene
17750,EGFR,loop-gene
17751,EGFR,loop-gene
17765,HIP1,loop-gene
17840,PODXL,loop-gene
17905,CLU,loop-gene
17906,CLU,loop-gene
17932,PCMTD1,loop-gene
18027,VLDLR,loop-gene
18071,FRMD3,loop-gene
18092,NR4A3,loop-gene
18108,TNC,loop-gene
18114,HSPA5,loop-gene
18131,NOTCH1,loop-gene
18150,SRPX,loop-gene
18151,SRPX,loop-gene
18211,ZNF185,loop-gene
18224,ECE1,loop-gene
18230,SLC9A1,loop-gene
18242,PCSK9,loop-gene
18254,GATAD2B,loop-gene
18267,LAMC2,loop-gene
18281,GALNT2,loop-gene
18309,BICC1,loop-gene
18315,PSAP,loop-gene
18373,SESN3,loop-gene
18410,RNFT2,loop-gene
18458,LGMN,loop-gene
18506,SNORD3B-2,loop-gene
18506,SNORD3C,loop-gene
18506,SNORD3A,loop-gene
18512,TNS4,loop-gene
18557,CEACAM5,loop-gene
18559,CLPTM1,loop-gene
18560,ZC3H4,loop-gene
18595,PCBP1,loop-gene
18633,SLC39A10,loop-gene
18646,ATIC,loop-gene
18650,SERPINE2,loop-gene
18685,KREMEN1,loop-gene
18690,NPTXR,loop-gene
18690,APOBEC3B,loop-gene
18690,SUN2,loop-gene
18695,GTSE1,loop-gene
18699,HRH1,loop-gene
18709,IL17RD,loop-gene
18720,LINC01471,loop-gene
18720,MUC13,loop-gene
18722,MUC13,loop-gene
18759,CXCL8,loop-gene
18770,GAR1,loop-gene
18881,SLC2A12,loop-gene
18893,ULBP1,loop-gene
18989,TPM2,loop-gene
18998,KIF27,loop-gene
19054,CLSTN1,loop-gene
19101,ECE1,loop-gene
19102,ECE1,loop-gene
19106,EPHB2,loop-gene
19107,EPHB2,loop-gene
19108,EPHB2,loop-gene
19109,EPHB2,loop-gene
19131,MAP3K6,loop-gene
19133,SNORA73B,loop-gene
19133,PHACTR4,loop-gene
19134,PHACTR4,loop-gene
19164,CDCA8,loop-gene
19181,CDC20,loop-gene
19181,PTPRF,loop-gene
19182,CDC20,loop-gene
19425,TENT5C,loop-gene
19426,TENT5C,loop-gene
19431,PHGDH,loop-gene
19435,PHGDH,loop-gene
19440,SF3B4,loop-gene
19441,SF3B4,loop-gene
19444,GABPB2,loop-gene
19450,S100A11,loop-gene
19573,QSOX1,loop-gene
19574,QSOX1,loop-gene
19592,LAMC2,loop-gene
19648,ATP2B4,loop-gene
19668,PIGR,loop-gene
19670,PIGR,loop-gene
19671,PIGR,loop-gene
19673,CR2,loop-gene
19674,CR2,loop-gene
19677,CR2,loop-gene
19699,SLC30A1,loop-gene
19703,SLC30A1,loop-gene
19704,SLC30A1,loop-gene
19705,SLC30A1,loop-gene
19754,LINC02474,loop-gene
19755,LINC02474,loop-gene
19769,EPHX1,loop-gene
19770,EPHX1,loop-gene
19775,EPHX1,loop-gene
19788,GALNT2,loop-gene
19789,GALNT2,loop-gene
19855,AKR1C3,loop-gene
19856,AKR1C3,loop-gene
19857,AKR1C3,loop-gene
19858,AKR1C3,loop-gene
19860,AKR1C3,loop-gene
19861,AKR1C3,loop-gene
20003,BICC1,loop-gene
20004,BICC1,loop-gene
20005,BICC1,loop-gene
20006,BICC1,loop-gene
20007,BICC1,loop-gene
20048,HNRNPH3,loop-gene
20051,HK1,loop-gene
20065,PSAP,loop-gene
20178,GOT1,loop-gene
20184,SCD,loop-gene
20185,SCD,loop-gene
20209,ITPRIP,loop-gene
20210,ITPRIP,loop-gene
20285,KCNQ1,loop-gene
20286,KCNQ1,loop-gene
20420,CD44,loop-gene
20421,CD44,loop-gene
20424,CD44,loop-gene
20425,CD44,loop-gene
20426,CD44,loop-gene
20427,CD44,loop-gene
20533,CAPN5,loop-gene
20597,SESN3,loop-gene
20598,SESN3,loop-gene
20599,SESN3,loop-gene
20684,NECTIN1,loop-gene
20685,NECTIN1,loop-gene
20707,SIAE,loop-gene
20708,SIAE,loop-gene
20709,SIAE,loop-gene
20713,ETS1,loop-gene
20714,ETS1,loop-gene
20716,ETS1,loop-gene
20717,ETS1,loop-gene
20725,APLP2,loop-gene
20728,APLP2,loop-gene
20729,APLP2,loop-gene
20730,APLP2,loop-gene
20928,TMT1A,loop-gene
20996,MDM1,loop-gene
21087,SNORA53,loop-gene
21088,SNORA53,loop-gene
21094,SLC17A8,loop-gene
21095,SLC17A8,loop-gene
21111,CHST11,loop-gene
21112,CHST11,loop-gene
21115,CHST11,loop-gene
21116,CHST11,loop-gene
21121,CKAP4,loop-gene
21140,SELPLG,loop-gene
21141,SELPLG,loop-gene
21172,RNFT2,loop-gene
21242,SLC7A1,loop-gene
21243,SLC7A1,loop-gene
21680,LGMN,loop-gene
21765,CHAC1,loop-gene
21893,NEO1,loop-gene
21894,NEO1,loop-gene
21900,SEMA7A,loop-gene
21901,EDC3,loop-gene
21902,EDC3,loop-gene
21923,CEMIP,loop-gene
21925,CEMIP,loop-gene
21988,IGF1R,loop-gene
21989,IGF1R,loop-gene
21990,IGF1R,loop-gene
21991,IGF1R,loop-gene
21992,IGF1R,loop-gene
21993,IGF1R,loop-gene
21994,IGF1R,loop-gene
22069,PYCARD-AS1,loop-gene
22105,LOC101927480,loop-gene
22130,CDH3,loop-gene
22135,NOB1,loop-gene
22136,NOB1,loop-gene
22141,NOB1,loop-gene
22161,FA2H,loop-gene
22310,TNS4,loop-gene
22311,TNS4,loop-gene
22337,HEXIM1,loop-gene
22347,CDK5RAP3,loop-gene
22347,SP6,loop-gene
22384,MMD,loop-gene
22387,MMD,loop-gene
22475,SEPTIN9,loop-gene
22479,LGALS3BP,loop-gene
22486,TBC1D16,loop-gene
22487,TBC1D16,loop-gene
22489,TBC1D16,loop-gene
22490,GAA,loop-gene
22550,GATA6-AS1,loop-gene
22551,GATA6-AS1,loop-gene
22734,TICAM1,loop-gene
22742,INSR,loop-gene
22753,LDLR,loop-gene
22778,CCNE1,loop-gene
22779,CCNE1,loop-gene
22780,CCNE1,loop-gene
22797,LSR,loop-gene
22811,CYP2S1,loop-gene
22811,TGFB1,loop-gene
22822,CADM4,loop-gene
22826,CADM4,loop-gene
22828,CEACAM19,loop-gene
22835,SLC1A5,loop-gene
22836,SLC1A5,loop-gene
22839,ZC3H4,loop-gene
22840,ZC3H4,loop-gene
22850,NUCB1,loop-gene
22862,MYADM,loop-gene
22863,MYADM,loop-gene
22867,KMT5C,loop-gene
22895,SNORA80B,loop-gene
22975,LTBP1,loop-gene
22976,LTBP1,loop-gene
22977,LTBP1,loop-gene
22978,LTBP1,loop-gene
23035,ZFP36L2,loop-gene
23036,ZFP36L2,loop-gene
23037,ZFP36L2,loop-gene
23038,ZFP36L2,loop-gene
23039,ZFP36L2,loop-gene
23040,ZFP36L2,loop-gene
23041,ZFP36L2,loop-gene
23042,ZFP36L2,loop-gene
23043,ZFP36L2,loop-gene
23044,ZFP36L2,loop-gene
23176,PCBP1,loop-gene
23177,PCBP1,loop-gene
23261,CKAP2L,loop-gene
23512,SLC39A10,loop-gene
23589,ATIC,loop-gene
23590,ATIC,loop-gene
23621,SERPINE2,loop-gene
23662,ALPP,loop-gene
23854,JPH2,loop-gene
23855,JPH2,loop-gene
23856,JPH2,loop-gene
23964,APP,loop-gene
23966,APP,loop-gene
23987,SNORA80A,loop-gene
24035,BACE2,loop-gene
24043,PDE9A,loop-gene
24081,KREMEN1,loop-gene
24082,KREMEN1,loop-gene
24090,SF3A1,loop-gene
24095,SMTN,loop-gene
24106,TIMP3,loop-gene
24107,TIMP3,loop-gene
24131,APOBEC3F,loop-gene
24131,NPTXR,loop-gene
24131,APOBEC3B,loop-gene
24131,SUN2,loop-gene
24132,APOBEC3F,loop-gene
24132,APOBEC3B,loop-gene
24133,APOBEC3F,loop-gene
24133,APOBEC3B,loop-gene
24134,APOBEC3B,loop-gene
24163,GTSE1,loop-gene
24164,GTSE1,loop-gene
24175,BHLHE40,loop-gene
24176,BHLHE40,loop-gene
24195,HRH1,loop-gene
24197,HRH1,loop-gene
24198,HRH1,loop-gene
24299,MYD88,loop-gene
24506,MUC13,loop-gene
24507,MUC13,loop-gene
24628,LEKR1,loop-gene
24628,LINC00880,loop-gene
24631,LEKR1,loop-gene
24631,LINC00880,loop-gene
24632,LEKR1,loop-gene
24632,LINC00880,loop-gene
24633,LEKR1,loop-gene
24633,LINC00880,loop-gene
24712,LAMP3,loop-gene
24713,LAMP3,loop-gene
24820,FAM184B,loop-gene
24821,FAM184B,loop-gene
24940,CXCL8,loop-gene
24941,CXCL8,loop-gene
24942,CXCL8,loop-gene
24943,CXCL8,loop-gene
24944,CXCL8,loop-gene
24945,CXCL8,loop-gene
24956,PARM1,loop-gene
25077,ARHGEF38,loop-gene
25078,ARHGEF38,loop-gene
25090,GAR1,loop-gene
25091,GAR1,loop-gene
25116,ANK2,loop-gene
25117,ANK2,loop-gene
25305,ING2,loop-gene
25306,ING2,loop-gene
25323,MTNR1A,loop-gene
25526,F2R,loop-gene
25527,F2R,loop-gene
25696,TGFBI,loop-gene
25697,TGFBI,loop-gene
25698,TGFBI,loop-gene
25719,PCDH1,loop-gene
25720,PCDH1,loop-gene
25722,PCDH1,loop-gene
25723,PCDH1,loop-gene
25725,PCDH1,loop-gene
25773,SYNPO,loop-gene
25853,SH3PXD2B,loop-gene
25854,SH3PXD2B,loop-gene
25856,SNORA74B,loop-gene
25857,SNORA74B,loop-gene
25858,SNORA74B,loop-gene
25969,GABBR1,loop-gene
25970,HLA-F,loop-gene
25971,HLA-F,loop-gene
25972,HLA-F,loop-gene
25976,TUBB,loop-gene
25976,PPP1R10,loop-gene
25979,HLA-C,loop-gene
25979,HLA-B,loop-gene
25980,HLA-C,loop-gene
25980,HLA-B,loop-gene
26041,PTK7,loop-gene
26317,ENPP1,loop-gene
26318,ENPP1,loop-gene
26319,CCN2,loop-gene
26320,CCN2,loop-gene
26328,SLC2A12,loop-gene
26330,SLC2A12,loop-gene
26333,MYB,loop-gene
26410,ULBP1,loop-gene
26615,NACAD,loop-gene
26616,NACAD,loop-gene
26645,EGFR,loop-gene
26646,EGFR,loop-gene
26647,EGFR,loop-gene
26649,EGFR,loop-gene
26650,EGFR,loop-gene
26731,NPTX2,loop-gene
26825,COPG2,loop-gene
26826,COPG2,loop-gene
26827,COPG2,loop-gene
26882,ZNF777,loop-gene
27000,CLU,loop-gene
27002,CLU,loop-gene
27004,CLU,loop-gene
27005,CLU,loop-gene
27074,PCMTD1,loop-gene
27192,CCNE2,loop-gene
27271,CCN3,loop-gene
27273,CCN3,loop-gene
27276,CCN3,loop-gene
27277,CCN3,loop-gene
27297,ZHX2,loop-gene
27298,ZHX2,loop-gene
27455,TPM2,loop-gene
27456,TPM2,loop-gene
27530,FRMD3,loop-gene
27531,FRMD3,loop-gene
27532,KIF27,loop-gene
27601,NR4A3,loop-gene
27602,NR4A3,loop-gene
27617,ZNF462,loop-gene
27618,ZNF462,loop-gene
27627,PALM2AKAP2,loop-gene
27628,PALM2AKAP2,loop-gene
27629,PALM2AKAP2,loop-gene
27630,PALM2AKAP2,loop-gene
27631,PALM2AKAP2,loop-gene
27632,PALM2AKAP2,loop-gene
27633,PALM2AKAP2,loop-gene
27656,TNC,loop-gene
27658,TNC,loop-gene
27659,TNC,loop-gene
27692,HSPA5,loop-gene
27694,HSPA5,loop-gene
27757,SRPX,loop-gene
27758,SRPX,loop-gene
27773,MAGED1,loop-gene
27790,SLC16A2,loop-gene
27856,ARHGEF6,loop-gene
27857,ARHGEF6,loop-gene
27864,ZNF185,loop-gene
27917,SLC9A1,loop-gene
27919,MAP3K6,loop-gene
27920,MAP3K6,loop-gene
27921,MAP3K6,loop-gene
27942,CDC20,loop-gene
27942,PTPRF,loop-gene
27943,PTPRF,loop-gene
28012,SORT1,loop-gene
28034,GATAD2B,loop-gene
28035,PMVK,loop-gene
28038,HCN3,loop-gene
28078,QSOX1,loop-gene
28081,LAMC2,loop-gene
28082,LAMC2,loop-gene
28106,SLC30A1,loop-gene
28107,SLC30A1,loop-gene
28121,LINC02474,loop-gene
28122,EPHX1,loop-gene
28123,EPHX1,loop-gene
28167,AKR1C3,loop-gene
28168,AKR1C3,loop-gene
28169,AKR1C3,loop-gene
28240,BICC1,loop-gene
28241,BICC1,loop-gene
28242,BICC1,loop-gene
28258,HK1,loop-gene
28262,PSAP,loop-gene
28304,SCD,loop-gene
28344,PGGHG,loop-gene
28348,TNNI2,loop-gene
28348,SYT8,loop-gene
28349,SYT8,loop-gene
28350,SYT8,loop-gene
28351,TNNI2,loop-gene
28351,SYT8,loop-gene
28352,TNNI2,loop-gene
28352,SYT8,loop-gene
28353,SYT8,loop-gene
28354,TNNI2,loop-gene
28354,SYT8,loop-gene
28372,SNORA23,loop-gene
28436,GANAB,loop-gene
28442,FOSL1,loop-gene
28463,CAPN5,loop-gene
28486,SESN3,loop-gene
28487,SESN3,loop-gene
28488,SESN3,loop-gene
28530,NECTIN1,loop-gene
28543,ETS1,loop-gene
28550,APLP2,loop-gene
28571,NCAPD2,loop-gene
28630,TMT1A,loop-gene
28664,MDM1,loop-gene
28695,SLC17A8,loop-gene
28704,CHST11,loop-gene
28705,CHST11,loop-gene
28706,CHST11,loop-gene
28761,SLC7A1,loop-gene
28826,SNORA79B,loop-gene
28839,PCK2,loop-gene
28944,CHAC1,loop-gene
28998,NEO1,loop-gene
29007,CEMIP,loop-gene
29008,CEMIP,loop-gene
29035,IGF1R,loop-gene
29066,SEZ6L2,loop-gene
29068,PYCARD-AS1,loop-gene
29069,PYCARD-AS1,loop-gene
29080,LOC101927480,loop-gene
29097,FA2H,loop-gene
29170,NR1D1,loop-gene
29172,TNS4,loop-gene
29173,TNS4,loop-gene
29174,TNS4,loop-gene
29175,TNS4,loop-gene
29177,JUP,loop-gene
29184,CDK5RAP3,loop-gene
29192,MMD,loop-gene
29233,SEPTIN9,loop-gene
29236,LGALS3BP,loop-gene
29340,MOB3A,loop-gene
29341,MOB3A,loop-gene
29349,ANGPTL4,loop-gene
29351,PRKCSH,loop-gene
29360,CCNE1,loop-gene
29377,CYP2S1,loop-gene
29378,CEACAM5,loop-gene
29381,CADM4,loop-gene
29391,KMT5C,loop-gene
29402,SNORA80B,loop-gene
29434,LTBP1,loop-gene
29435,LTBP1,loop-gene
29436,LTBP1,loop-gene
29437,LTBP1,loop-gene
29438,LTBP1,loop-gene
29450,ZFP36L2,loop-gene
29451,ZFP36L2,loop-gene
29452,ZFP36L2,loop-gene
29453,ZFP36L2,loop-gene
29454,ZFP36L2,loop-gene
29455,ZFP36L2,loop-gene
29500,PCBP1,loop-gene
29551,CKAP2L,loop-gene
29647,SLC39A10,loop-gene
29711,ALPP,loop-gene
29713,ALPP,loop-gene
29857,PDE9A,loop-gene
29882,TIMP3,loop-gene
29883,TIMP3,loop-gene
29901,GTSE1,loop-gene
29958,CDCP1,loop-gene
30062,MUC13,loop-gene
30065,LINC01471,loop-gene
30121,LEKR1,loop-gene
30121,LINC00880,loop-gene
30123,LEKR1,loop-gene
30123,LINC00880,loop-gene
30200,FAM184B,loop-gene
30201,FAM184B,loop-gene
30253,CXCL8,loop-gene
30261,PARM1,loop-gene
30262,PARM1,loop-gene
30263,PARM1,loop-gene
30299,ARHGEF38,loop-gene
30304,GAR1,loop-gene
30313,ANK2,loop-gene
30314,ANK2,loop-gene
30397,MTNR1A,loop-gene
30483,F2R,loop-gene
30484,F2R,loop-gene
30559,TGFBI,loop-gene
30567,PCDH1,loop-gene
30589,SYNPO,loop-gene
30611,SNORA74B,loop-gene
30669,GABBR1,loop-gene
30670,HLA-F,loop-gene
30672,TUBB,loop-gene
30672,PPP1R10,loop-gene
30673,TUBB,loop-gene
30746,LCA5,loop-gene
30819,CCN2,loop-gene
30820,CCN2,loop-gene
30821,CCN2,loop-gene
30827,SLC2A12,loop-gene
30828,SLC2A12,loop-gene
30967,EGFR,loop-gene
30968,EGFR,loop-gene
30982,CLIP2,loop-gene
30987,HSPB1,loop-gene
31020,NPTX2,loop-gene
31021,NPTX2,loop-gene
31065,COPG2,loop-gene
31082,ZNF777,loop-gene
31234,ZHX2,loop-gene
31235,ZHX2,loop-gene
31236,ZHX2,loop-gene
31351,NR4A3,loop-gene
31352,NR4A3,loop-gene
31369,PALM2AKAP2,loop-gene
31370,PALM2AKAP2,loop-gene
31440,SRPX,loop-gene
31462,ARMCX4,loop-gene
31520,PHGDH,loop-gene
31585,GOT1,loop-gene
31591,BAG3,loop-gene
31594,KCNQ1,loop-gene
31617,SESN3,loop-gene
31660,SLC17A8,loop-gene
31724,SEMA7A,loop-gene
31725,SEMA7A,loop-gene
31725,EDC3,loop-gene
31740,IGF1R,loop-gene
31765,SNORD3B-2,loop-gene
31765,SNORD3C,loop-gene
31765,SNORD3A,loop-gene
31780,SCPEP1,loop-gene
31816,CYP2S1,loop-gene
31832,LTBP1,loop-gene
31837,ZFP36L2,loop-gene
31838,ZFP36L2,loop-gene
31891,ATIC,loop-gene
31931,TIMP3,loop-gene
31937,BHLHE40,loop-gene
31941,HRH1,loop-gene
31942,HRH1,loop-gene
31963,LINC01471,loop-gene
31992,FAM184B,loop-gene
32053,MTNR1A,loop-gene
32099,GABBR1,loop-gene
32110,LCA5,loop-gene
32165,EGFR,loop-gene
32208,CCNE2,loop-gene
32213,ZHX2,loop-gene
32230,TPM2,loop-gene
32235,KIF27,loop-gene
