loop_id,loop_chr,loop_start,loop_end,chr1,start1,end1,chr2,start2,end2
8,chr1,6105000,6245000,chr1,6105000,6110000,chr1,6240000,6245000
15103,chr1,6195000,6240000,chr1,6195000,6200000,chr1,6235000,6240000
7471,chr1,9765000,9925000,chr1,9765000,9770000,chr1,9920000,9925000
19054,chr1,9780000,9870000,chr1,9780000,9785000,chr1,9865000,9870000
29,chr1,9782500,9867500,chr1,9782500,9787500,chr1,9862500,9867500
18224,chr1,16562500,21427500,chr1,16562500,16567500,chr1,21422500,21427500
71,chr1,21222500,21577500,chr1,21222500,21227500,chr1,21572500,21577500
19101,chr1,21225000,21580000,chr1,21225000,21230000,chr1,21575000,21580000
19102,chr1,21232500,21357500,chr1,21232500,21237500,chr1,21352500,21357500
7508,chr1,21242500,21357500,chr1,21242500,21247500,chr1,21352500,21357500
19106,chr1,22422500,22937500,chr1,22422500,22427500,chr1,22932500,22937500
15132,chr1,22432500,22947500,chr1,22432500,22437500,chr1,22942500,22947500
19107,chr1,22662500,22917500,chr1,22662500,22667500,chr1,22912500,22917500
19108,chr1,22662500,22947500,chr1,22662500,22667500,chr1,22942500,22947500
77,chr1,22665000,22965000,chr1,22665000,22670000,chr1,22960000,22965000
7512,chr1,22670000,22735000,chr1,22670000,22675000,chr1,22730000,22735000
19109,chr1,22670000,22965000,chr1,22670000,22675000,chr1,22960000,22965000
78,chr1,22672500,22887500,chr1,22672500,22677500,chr1,22882500,22887500
7513,chr1,22672500,22937500,chr1,22672500,22677500,chr1,22932500,22937500
7514,chr1,22762500,22887500,chr1,22762500,22767500,chr1,22882500,22887500
15143,chr1,26995000,27100000,chr1,26995000,27000000,chr1,27095000,27100000
27917,chr1,27042500,27287500,chr1,27042500,27047500,chr1,27282500,27287500
97,chr1,27045000,27100000,chr1,27045000,27050000,chr1,27095000,27100000
98,chr1,27045000,27290000,chr1,27045000,27050000,chr1,27285000,27290000
18230,chr1,27100000,27200000,chr1,27100000,27105000,chr1,27195000,27200000
99,chr1,27102500,27287500,chr1,27102500,27107500,chr1,27282500,27287500
19131,chr1,27290000,27615000,chr1,27290000,27295000,chr1,27610000,27615000
100,chr1,27295000,27665000,chr1,27295000,27300000,chr1,27660000,27665000
27919,chr1,27300000,27665000,chr1,27300000,27305000,chr1,27660000,27665000
27921,chr1,27302500,27387500,chr1,27302500,27307500,chr1,27382500,27387500
15144,chr1,27302500,27397500,chr1,27302500,27307500,chr1,27392500,27397500
27920,chr1,27302500,27627500,chr1,27302500,27307500,chr1,27622500,27627500
15145,chr1,27302500,27647500,chr1,27302500,27307500,chr1,27642500,27647500
7539,chr1,28245000,28605000,chr1,28245000,28250000,chr1,28600000,28605000
102,chr1,28402500,28607500,chr1,28402500,28407500,chr1,28602500,28607500
19133,chr1,28405000,28610000,chr1,28405000,28410000,chr1,28605000,28610000
19134,chr1,28412500,28507500,chr1,28412500,28417500,chr1,28502500,28507500
7574,chr1,37462500,37977500,chr1,37462500,37467500,chr1,37972500,37977500
7576,chr1,37692500,37797500,chr1,37692500,37697500,chr1,37792500,37797500
19164,chr1,37695000,37865000,chr1,37695000,37700000,chr1,37860000,37865000
27942,chr1,43222500,44047500,chr1,43222500,43227500,chr1,44042500,44047500
19181,chr1,43230000,43625000,chr1,43230000,43235000,chr1,43620000,43625000
7594,chr1,43232500,43417500,chr1,43232500,43237500,chr1,43412500,43417500
19182,chr1,43232500,43427500,chr1,43232500,43237500,chr1,43422500,43427500
7595,chr1,43245000,43580000,chr1,43245000,43250000,chr1,43575000,43580000
7596,chr1,43525000,43625000,chr1,43525000,43530000,chr1,43620000,43625000
7597,chr1,43525000,43645000,chr1,43525000,43530000,chr1,43640000,43645000
154,chr1,43525000,43935000,chr1,43525000,43530000,chr1,43930000,43935000
27943,chr1,43532500,43937500,chr1,43532500,43537500,chr1,43932500,43937500
18242,chr1,53802500,55247500,chr1,53802500,53807500,chr1,55242500,55247500
7767,chr1,109200000,109405000,chr1,109200000,109205000,chr1,109400000,109405000
28012,chr1,109272500,109397500,chr1,109272500,109277500,chr1,109392500,109397500
15214,chr1,109282500,109397500,chr1,109282500,109287500,chr1,109392500,109397500
349,chr1,117072500,117757500,chr1,117072500,117077500,chr1,117752500,117757500
19425,chr1,117512500,117747500,chr1,117512500,117517500,chr1,117742500,117747500
7796,chr1,117512500,117757500,chr1,117512500,117517500,chr1,117752500,117757500
7797,chr1,117512500,117887500,chr1,117512500,117517500,chr1,117882500,117887500
19426,chr1,117522500,117907500,chr1,117522500,117527500,chr1,117902500,117907500
19431,chr1,119370000,119675000,chr1,119370000,119375000,chr1,119670000,119675000
354,chr1,119370000,119680000,chr1,119370000,119375000,chr1,119675000,119680000
31520,chr1,119372500,119657500,chr1,119372500,119377500,chr1,119652500,119657500
358,chr1,119472500,119677500,chr1,119472500,119477500,chr1,119672500,119677500
7799,chr1,119550000,119670000,chr1,119550000,119555000,chr1,119665000,119670000
359,chr1,119615000,119670000,chr1,119615000,119620000,chr1,119665000,119670000
19435,chr1,119615000,119675000,chr1,119615000,119620000,chr1,119670000,119675000
19441,chr1,149895000,150050000,chr1,149895000,149900000,chr1,150045000,150050000
19440,chr1,149895000,150170000,chr1,149895000,149900000,chr1,150165000,150170000
19444,chr1,151015000,151155000,chr1,151015000,151020000,chr1,151150000,151155000
366,chr1,151020000,151160000,chr1,151020000,151025000,chr1,151155000,151160000
7810,chr1,151095000,151160000,chr1,151095000,151100000,chr1,151155000,151160000
19450,chr1,151912500,152037500,chr1,151912500,151917500,chr1,152032500,152037500
15227,chr1,151930000,152035000,chr1,151930000,151935000,chr1,152030000,152035000
15231,chr1,153792500,153977500,chr1,153792500,153797500,chr1,153972500,153977500
28034,chr1,153792500,153987500,chr1,153792500,153797500,chr1,153982500,153987500
18254,chr1,153792500,154337500,chr1,153792500,153797500,chr1,154332500,154337500
7820,chr1,153805000,153915000,chr1,153805000,153810000,chr1,153910000,153915000
7821,chr1,153860000,153915000,chr1,153860000,153865000,chr1,153910000,153915000
7825,chr1,154405000,154475000,chr1,154405000,154410000,chr1,154470000,154475000
28035,chr1,154555000,154940000,chr1,154555000,154560000,chr1,154935000,154940000
15233,chr1,154670000,154945000,chr1,154670000,154675000,chr1,154940000,154945000
28038,chr1,155250000,155595000,chr1,155250000,155255000,chr1,155590000,155595000
15235,chr1,155262500,155587500,chr1,155262500,155267500,chr1,155582500,155587500
15261,chr1,179702500,180177500,chr1,179702500,179707500,chr1,180172500,180177500
19573,chr1,179702500,180197500,chr1,179702500,179707500,chr1,180192500,180197500
15260,chr1,179702500,180477500,chr1,179702500,179707500,chr1,180472500,180477500
7937,chr1,179815000,180180000,chr1,179815000,179820000,chr1,180175000,180180000
7938,chr1,179862500,180177500,chr1,179862500,179867500,chr1,180172500,180177500
19574,chr1,179862500,180187500,chr1,179862500,179867500,chr1,180182500,180187500
7939,chr1,179952500,180177500,chr1,179952500,179957500,chr1,180172500,180177500
15262,chr1,179955000,180165000,chr1,179955000,179960000,chr1,180160000,180165000
461,chr1,180182500,180417500,chr1,180182500,180187500,chr1,180412500,180417500
462,chr1,180182500,180487500,chr1,180182500,180187500,chr1,180482500,180487500
28078,chr1,180185000,180420000,chr1,180185000,180190000,chr1,180415000,180420000
471,chr1,182960000,183190000,chr1,182960000,182965000,chr1,183185000,183190000
7948,chr1,182960000,183235000,chr1,182960000,182965000,chr1,183230000,183235000
18267,chr1,182960000,183285000,chr1,182960000,182965000,chr1,183280000,183285000
19592,chr1,182962500,183247500,chr1,182962500,182967500,chr1,183242500,183247500
28081,chr1,183020000,183235000,chr1,183020000,183025000,chr1,183230000,183235000
28082,chr1,183140000,183230000,chr1,183140000,183145000,chr1,183225000,183230000
518,chr1,203502500,203707500,chr1,203502500,203507500,chr1,203702500,203707500
8002,chr1,203520000,204125000,chr1,203520000,203525000,chr1,204120000,204125000
8003,chr1,203592500,203707500,chr1,203592500,203597500,chr1,203702500,203707500
19648,chr1,203710000,203785000,chr1,203710000,203715000,chr1,203780000,203785000
19668,chr1,206612500,206987500,chr1,206612500,206617500,chr1,206982500,206987500
15290,chr1,206622500,206987500,chr1,206622500,206627500,chr1,206982500,206987500
534,chr1,206725000,206985000,chr1,206725000,206730000,chr1,206980000,206985000
19670,chr1,206730000,206985000,chr1,206730000,206735000,chr1,206980000,206985000
19671,chr1,206732500,207077500,chr1,206732500,206737500,chr1,207072500,207077500
8018,chr1,206742500,206987500,chr1,206742500,206747500,chr1,206982500,206987500
19673,chr1,207062500,207507500,chr1,207062500,207067500,chr1,207502500,207507500
19674,chr1,207080000,207500000,chr1,207080000,207085000,chr1,207495000,207500000
535,chr1,207080000,207505000,chr1,207080000,207085000,chr1,207500000,207505000
19677,chr1,207410000,207505000,chr1,207410000,207415000,chr1,207500000,207505000
19699,chr1,210432500,211667500,chr1,210432500,210437500,chr1,211662500,211667500
550,chr1,211320000,211660000,chr1,211320000,211325000,chr1,211655000,211660000
551,chr1,211470000,211660000,chr1,211470000,211475000,chr1,211655000,211660000
19703,chr1,211472500,211657500,chr1,211472500,211477500,chr1,211652500,211657500
28106,chr1,211502500,211657500,chr1,211502500,211507500,chr1,211652500,211657500
552,chr1,211515000,211660000,chr1,211515000,211520000,chr1,211655000,211660000
28107,chr1,211520000,211660000,chr1,211520000,211525000,chr1,211655000,211660000
19704,chr1,211542500,211657500,chr1,211542500,211547500,chr1,211652500,211657500
553,chr1,211572500,211667500,chr1,211572500,211577500,chr1,211662500,211667500
19705,chr1,211575000,211665000,chr1,211575000,211580000,chr1,211660000,211665000
8074,chr1,221242500,222197500,chr1,221242500,221247500,chr1,222192500,222197500
19754,chr1,221462500,222177500,chr1,221462500,221467500,chr1,222172500,222177500
15310,chr1,221462500,222457500,chr1,221462500,221467500,chr1,222452500,222457500
19755,chr1,221472500,222157500,chr1,221472500,221477500,chr1,222152500,222157500
28121,chr1,221472500,222447500,chr1,221472500,221477500,chr1,222442500,222447500
8077,chr1,221475000,222175000,chr1,221475000,221480000,chr1,222170000,222175000
8078,chr1,221745000,222180000,chr1,221745000,221750000,chr1,222175000,222180000
583,chr1,221972500,223027500,chr1,221972500,221977500,chr1,223022500,223027500
19769,chr1,225470000,225845000,chr1,225470000,225475000,chr1,225840000,225845000
15315,chr1,225470000,225920000,chr1,225470000,225475000,chr1,225915000,225920000
599,chr1,225470000,225980000,chr1,225470000,225475000,chr1,225975000,225980000
600,chr1,225472500,225847500,chr1,225472500,225477500,chr1,225842500,225847500
28122,chr1,225472500,225907500,chr1,225472500,225477500,chr1,225902500,225907500
19770,chr1,225472500,225977500,chr1,225472500,225477500,chr1,225972500,225977500
28123,chr1,225472500,226107500,chr1,225472500,225477500,chr1,226102500,226107500
19775,chr1,225772500,225977500,chr1,225772500,225777500,chr1,225972500,225977500
8088,chr1,225772500,225987500,chr1,225772500,225777500,chr1,225982500,225987500
8089,chr1,225780000,225840000,chr1,225780000,225785000,chr1,225835000,225840000
8096,chr1,228672500,230317500,chr1,228672500,228677500,chr1,230312500,230317500
611,chr1,229260000,230315000,chr1,229260000,229265000,chr1,230310000,230315000
19788,chr1,229262500,230317500,chr1,229262500,229267500,chr1,230312500,230317500
613,chr1,229412500,231837500,chr1,229412500,229417500,chr1,231832500,231837500
8100,chr1,229715000,230315000,chr1,229715000,229720000,chr1,230310000,230315000
18281,chr1,229782500,230317500,chr1,229782500,229787500,chr1,230312500,230317500
19789,chr1,229985000,230065000,chr1,229985000,229990000,chr1,230060000,230065000
677,chr10,4810000,5295000,chr10,4810000,4815000,chr10,5290000,5295000
8160,chr10,4812500,5627500,chr10,4812500,4817500,chr10,5622500,5627500
28167,chr10,4815000,5290000,chr10,4815000,4820000,chr10,5285000,5290000
28168,chr10,4815000,5435000,chr10,4815000,4820000,chr10,5430000,5435000
678,chr10,4822500,5427500,chr10,4822500,4827500,chr10,5422500,5427500
19855,chr10,4822500,5627500,chr10,4822500,4827500,chr10,5622500,5627500
8161,chr10,4832500,5107500,chr10,4832500,4837500,chr10,5102500,5107500
19856,chr10,4832500,5397500,chr10,4832500,4837500,chr10,5392500,5397500
19857,chr10,4842500,5287500,chr10,4842500,4847500,chr10,5282500,5287500
679,chr10,4842500,5387500,chr10,4842500,4847500,chr10,5382500,5387500
681,chr10,4850000,5285000,chr10,4850000,4855000,chr10,5280000,5285000
28169,chr10,4850000,5385000,chr10,4850000,4855000,chr10,5380000,5385000
680,chr10,4850000,5435000,chr10,4850000,4855000,chr10,5430000,5435000
19860,chr10,4852500,5087500,chr10,4852500,4857500,chr10,5082500,5087500
15355,chr10,4852500,5097500,chr10,4852500,4857500,chr10,5092500,5097500
19858,chr10,4852500,5417500,chr10,4852500,4857500,chr10,5412500,5417500
683,chr10,5090000,5290000,chr10,5090000,5095000,chr10,5285000,5290000
19861,chr10,5092500,5287500,chr10,5092500,5097500,chr10,5282500,5287500
8181,chr10,15212500,15377500,chr10,15212500,15217500,chr10,15372500,15377500
20003,chr10,58410000,58530000,chr10,58410000,58415000,chr10,58525000,58530000
8302,chr10,58412500,58517500,chr10,58412500,58417500,chr10,58512500,58517500
816,chr10,58412500,58537500,chr10,58412500,58417500,chr10,58532500,58537500
15409,chr10,58412500,58637500,chr10,58412500,58417500,chr10,58632500,58637500
20004,chr10,58412500,58647500,chr10,58412500,58417500,chr10,58642500,58647500
18309,chr10,58530000,58640000,chr10,58530000,58535000,chr10,58635000,58640000
20005,chr10,58530000,58650000,chr10,58530000,58535000,chr10,58645000,58650000
8303,chr10,58532500,59187500,chr10,58532500,58537500,chr10,59182500,59187500
8304,chr10,58772500,58947500,chr10,58772500,58777500,chr10,58942500,58947500
8305,chr10,58775000,59115000,chr10,58775000,58780000,chr10,59110000,59115000
817,chr10,58775000,59230000,chr10,58775000,58780000,chr10,59225000,59230000
20007,chr10,58780000,59185000,chr10,58780000,58785000,chr10,59180000,59185000
20006,chr10,58780000,59230000,chr10,58780000,58785000,chr10,59225000,59230000
818,chr10,58780000,59625000,chr10,58780000,58785000,chr10,59620000,59625000
819,chr10,58782500,59177500,chr10,58782500,58787500,chr10,59172500,59177500
15410,chr10,58782500,59607500,chr10,58782500,58787500,chr10,59602500,59607500
28240,chr10,58782500,59617500,chr10,58782500,58787500,chr10,59612500,59617500
28241,chr10,58782500,60037500,chr10,58782500,58787500,chr10,60032500,60037500
8306,chr10,58782500,60057500,chr10,58782500,58787500,chr10,60052500,60057500
8307,chr10,58785000,58920000,chr10,58785000,58790000,chr10,58915000,58920000
8308,chr10,58790000,58855000,chr10,58790000,58795000,chr10,58850000,58855000
28242,chr10,58792500,58947500,chr10,58792500,58797500,chr10,58942500,58947500
8309,chr10,58802500,58927500,chr10,58802500,58807500,chr10,58922500,58927500
15424,chr10,67862500,68907500,chr10,67862500,67867500,chr10,68902500,68907500
20048,chr10,68212500,68887500,chr10,68212500,68217500,chr10,68882500,68887500
8343,chr10,68212500,68897500,chr10,68212500,68217500,chr10,68892500,68897500
20051,chr10,69002500,69387500,chr10,69002500,69007500,chr10,69382500,69387500
855,chr10,69005000,69395000,chr10,69005000,69010000,chr10,69390000,69395000
28258,chr10,69232500,69397500,chr10,69232500,69237500,chr10,69392500,69397500
857,chr10,69232500,69517500,chr10,69232500,69237500,chr10,69512500,69517500
8346,chr10,69242500,69397500,chr10,69242500,69247500,chr10,69392500,69397500
8348,chr10,69745000,69920000,chr10,69745000,69750000,chr10,69915000,69920000
8349,chr10,69785000,69920000,chr10,69785000,69790000,chr10,69915000,69920000
28262,chr10,71302500,71897500,chr10,71302500,71307500,chr10,71892500,71897500
18315,chr10,71312500,71897500,chr10,71312500,71317500,chr10,71892500,71897500
20065,chr10,71835000,71900000,chr10,71835000,71840000,chr10,71895000,71900000
20178,chr10,99390000,99550000,chr10,99390000,99395000,chr10,99545000,99550000
31585,chr10,99392500,99617500,chr10,99392500,99397500,chr10,99612500,99617500
970,chr10,99395000,99610000,chr10,99395000,99400000,chr10,99605000,99610000
28304,chr10,99842500,100507500,chr10,99842500,99847500,chr10,100502500,100507500
976,chr10,100300000,100515000,chr10,100300000,100305000,chr10,100510000,100515000
20184,chr10,100302500,100517500,chr10,100302500,100307500,chr10,100512500,100517500
977,chr10,100332500,100437500,chr10,100332500,100337500,chr10,100432500,100437500
20185,chr10,100332500,100517500,chr10,100332500,100337500,chr10,100512500,100517500
15452,chr10,100332500,100887500,chr10,100332500,100337500,chr10,100882500,100887500
978,chr10,100340000,100515000,chr10,100340000,100345000,chr10,100510000,100515000
1000,chr10,104285000,104355000,chr10,104285000,104290000,chr10,104350000,104355000
20209,chr10,104290000,104355000,chr10,104290000,104295000,chr10,104350000,104355000
20210,chr10,104292500,104627500,chr10,104292500,104297500,chr10,104622500,104627500
15460,chr10,104300000,104350000,chr10,104300000,104305000,chr10,104345000,104350000
8492,chr10,119602500,119867500,chr10,119602500,119607500,chr10,119862500,119867500
8493,chr10,119610000,119655000,chr10,119610000,119615000,chr10,119650000,119655000
31591,chr10,119612500,119857500,chr10,119612500,119617500,chr10,119852500,119857500
28344,chr11,192500,357500,chr11,192500,197500,chr11,352500,357500
1070,chr11,195000,360000,chr11,195000,200000,chr11,355000,360000
1072,chr11,1640000,2155000,chr11,1640000,1645000,chr11,2150000,2155000
28348,chr11,1642500,2157500,chr11,1642500,1647500,chr11,2152500,2157500
28349,chr11,1650000,1835000,chr11,1650000,1655000,chr11,1830000,1835000
15494,chr11,1650000,1885000,chr11,1650000,1655000,chr11,1880000,1885000
15493,chr11,1650000,1955000,chr11,1650000,1655000,chr11,1950000,1955000
1073,chr11,1662500,1997500,chr11,1662500,1667500,chr11,1992500,1997500
1075,chr11,1690000,1950000,chr11,1690000,1695000,chr11,1945000,1950000
1074,chr11,1690000,2000000,chr11,1690000,1695000,chr11,1995000,2000000
28350,chr11,1692500,1837500,chr11,1692500,1697500,chr11,1832500,1837500
15495,chr11,1695000,1870000,chr11,1695000,1700000,chr11,1865000,1870000
28352,chr11,1695000,1955000,chr11,1695000,1700000,chr11,1950000,1955000
28351,chr11,1695000,2000000,chr11,1695000,1700000,chr11,1995000,2000000
8514,chr11,1702500,1837500,chr11,1702500,1707500,chr11,1832500,1837500
1076,chr11,1760000,1830000,chr11,1760000,1765000,chr11,1825000,1830000
28353,chr11,1765000,1830000,chr11,1765000,1770000,chr11,1825000,1830000
1077,chr11,1830000,2005000,chr11,1830000,1835000,chr11,2000000,2005000
28354,chr11,1835000,2000000,chr11,1835000,1840000,chr11,1995000,2000000
8518,chr11,2185000,2530000,chr11,2185000,2190000,chr11,2525000,2530000
8519,chr11,2192500,2897500,chr11,2192500,2197500,chr11,2892500,2897500
8520,chr11,2305000,2530000,chr11,2305000,2310000,chr11,2525000,2530000
1083,chr11,2425000,2895000,chr11,2425000,2430000,chr11,2890000,2895000
1084,chr11,2432500,2527500,chr11,2432500,2437500,chr11,2522500,2527500
20285,chr11,2432500,2897500,chr11,2432500,2437500,chr11,2892500,2897500
8521,chr11,2530000,3025000,chr11,2530000,2535000,chr11,3020000,3025000
1085,chr11,2532500,2887500,chr11,2532500,2537500,chr11,2882500,2887500
31594,chr11,2552500,2767500,chr11,2552500,2557500,chr11,2762500,2767500
20286,chr11,2695000,2885000,chr11,2695000,2700000,chr11,2880000,2885000
8547,chr11,8910000,9510000,chr11,8910000,8915000,chr11,9505000,9510000
28372,chr11,9012500,9507500,chr11,9012500,9017500,chr11,9502500,9507500
8548,chr11,9022500,9497500,chr11,9022500,9027500,chr11,9492500,9497500
1113,chr11,9162500,9507500,chr11,9162500,9167500,chr11,9502500,9507500
8550,chr11,9182500,9507500,chr11,9182500,9187500,chr11,9502500,9507500
8551,chr11,9272500,9447500,chr11,9272500,9277500,chr11,9442500,9447500
8636,chr11,34515000,35405000,chr11,34515000,34520000,chr11,35400000,35405000
1199,chr11,34532500,35407500,chr11,34532500,34537500,chr11,35402500,35407500
20420,chr11,34582500,35407500,chr11,34582500,34587500,chr11,35402500,35407500
20421,chr11,34585000,35390000,chr11,34585000,34590000,chr11,35385000,35390000
1202,chr11,34920000,35400000,chr11,34920000,34925000,chr11,35395000,35400000
20424,chr11,34925000,35240000,chr11,34925000,34930000,chr11,35235000,35240000
8638,chr11,34925000,35310000,chr11,34925000,34930000,chr11,35305000,35310000
20425,chr11,34925000,35395000,chr11,34925000,34930000,chr11,35390000,35395000
1203,chr11,34925000,35485000,chr11,34925000,34930000,chr11,35480000,35485000
20426,chr11,34930000,35485000,chr11,34930000,34935000,chr11,35480000,35485000
1204,chr11,34932500,35237500,chr11,34932500,34937500,chr11,35232500,35237500
20427,chr11,34995000,35390000,chr11,34995000,35000000,chr11,35385000,35390000
1205,chr11,34995000,35395000,chr11,34995000,35000000,chr11,35390000,35395000
1265,chr11,60822500,61187500,chr11,60822500,60827500,chr11,61182500,61187500
1266,chr11,60830000,60895000,chr11,60830000,60835000,chr11,60890000,60895000
1271,chr11,61472500,61637500,chr11,61472500,61477500,chr11,61632500,61637500
15566,chr11,62392500,62687500,chr11,62392500,62397500,chr11,62682500,62687500
28436,chr11,62392500,62697500,chr11,62392500,62397500,chr11,62692500,62697500
15567,chr11,62392500,62847500,chr11,62392500,62397500,chr11,62842500,62847500
28442,chr11,65880000,65985000,chr11,65880000,65885000,chr11,65980000,65985000
8722,chr11,77120000,77190000,chr11,77120000,77125000,chr11,77185000,77190000
20533,chr11,77120000,77560000,chr11,77120000,77125000,chr11,77555000,77560000
28463,chr11,77122500,77627500,chr11,77122500,77127500,chr11,77622500,77627500
1326,chr11,77125000,77555000,chr11,77125000,77130000,chr11,77550000,77555000
15610,chr11,94612500,96427500,chr11,94612500,94617500,chr11,96422500,96427500
15611,chr11,94962500,96427500,chr11,94962500,94967500,chr11,96422500,96427500
31617,chr11,94972500,95767500,chr11,94972500,94977500,chr11,95762500,95767500
28486,chr11,95062500,95777500,chr11,95062500,95067500,chr11,95772500,95777500
20597,chr11,95065000,95710000,chr11,95065000,95070000,chr11,95705000,95710000
18373,chr11,95152500,95367500,chr11,95152500,95157500,chr11,95362500,95367500
15612,chr11,95152500,95767500,chr11,95152500,95157500,chr11,95762500,95767500
20598,chr11,95152500,95777500,chr11,95152500,95157500,chr11,95772500,95777500
1379,chr11,95155000,95710000,chr11,95155000,95160000,chr11,95705000,95710000
8763,chr11,95155000,96430000,chr11,95155000,95160000,chr11,96425000,96430000
20599,chr11,95160000,95595000,chr11,95160000,95165000,chr11,95590000,95595000
28488,chr11,95160000,95705000,chr11,95160000,95165000,chr11,95700000,95705000
28487,chr11,95162500,96417500,chr11,95162500,95167500,chr11,96412500,96417500
15613,chr11,95212500,96427500,chr11,95212500,95217500,chr11,96422500,96427500
20684,chr11,119472500,120117500,chr11,119472500,119477500,chr11,120112500,120117500
8833,chr11,119482500,120107500,chr11,119482500,119487500,chr11,120102500,120107500
8834,chr11,119615000,120115000,chr11,119615000,119620000,chr11,120110000,120115000
1449,chr11,119660000,120020000,chr11,119660000,119665000,chr11,120015000,120020000
8835,chr11,119662500,120107500,chr11,119662500,119667500,chr11,120102500,120107500
28530,chr11,119665000,120015000,chr11,119665000,119670000,chr11,120010000,120015000
20685,chr11,119672500,120107500,chr11,119672500,119677500,chr11,120102500,120107500
1467,chr11,124402500,124867500,chr11,124402500,124407500,chr11,124862500,124867500
20707,chr11,124410000,124870000,chr11,124410000,124415000,chr11,124865000,124870000
15651,chr11,124652500,124857500,chr11,124652500,124657500,chr11,124852500,124857500
20708,chr11,124652500,124867500,chr11,124652500,124657500,chr11,124862500,124867500
20709,chr11,124662500,124767500,chr11,124662500,124667500,chr11,124762500,124767500
15652,chr11,124662500,124777500,chr11,124662500,124667500,chr11,124772500,124777500
1469,chr11,124662500,124837500,chr11,124662500,124667500,chr11,124832500,124837500
15653,chr11,124665000,124800000,chr11,124665000,124670000,chr11,124795000,124800000
8856,chr11,124672500,124857500,chr11,124672500,124677500,chr11,124852500,124857500
20713,chr11,128032500,128667500,chr11,128032500,128037500,chr11,128662500,128667500
1481,chr11,128032500,128837500,chr11,128032500,128037500,chr11,128832500,128837500
8864,chr11,128162500,128627500,chr11,128162500,128167500,chr11,128622500,128627500
28543,chr11,128162500,128637500,chr11,128162500,128167500,chr11,128632500,128637500
1482,chr11,128162500,128837500,chr11,128162500,128167500,chr11,128832500,128837500
1483,chr11,128165000,128775000,chr11,128165000,128170000,chr11,128770000,128775000
20714,chr11,128165000,128780000,chr11,128165000,128170000,chr11,128775000,128780000
20716,chr11,128282500,128627500,chr11,128282500,128287500,chr11,128622500,128627500
8867,chr11,128282500,128837500,chr11,128282500,128287500,chr11,128832500,128837500
15657,chr11,128292500,128627500,chr11,128292500,128297500,chr11,128622500,128627500
20717,chr11,128292500,128827500,chr11,128292500,128297500,chr11,128822500,128827500
20725,chr11,129772500,130127500,chr11,129772500,129777500,chr11,130122500,130127500
8872,chr11,129782500,130137500,chr11,129782500,129787500,chr11,130132500,130137500
20728,chr11,129920000,130140000,chr11,129920000,129925000,chr11,130135000,130140000
28550,chr11,129922500,130127500,chr11,129922500,129927500,chr11,130122500,130127500
1491,chr11,129922500,130137500,chr11,129922500,129927500,chr11,130132500,130137500
20729,chr11,129990000,130130000,chr11,129990000,129995000,chr11,130125000,130130000
1492,chr11,129990000,130135000,chr11,129990000,129995000,chr11,130130000,130135000
20730,chr11,130000000,130075000,chr11,130000000,130005000,chr11,130070000,130075000
1493,chr11,130005000,130070000,chr11,130005000,130010000,chr11,130065000,130070000
28571,chr12,6425000,6540000,chr12,6425000,6430000,chr12,6535000,6540000
15717,chr12,50765000,51345000,chr12,50765000,50770000,chr12,51340000,51345000
20928,chr12,50812500,51347500,chr12,50812500,50817500,chr12,51342500,51347500
9061,chr12,50815000,51255000,chr12,50815000,50820000,chr12,51250000,51255000
28630,chr12,50820000,51035000,chr12,50820000,50825000,chr12,51030000,51035000
15718,chr12,50822500,51347500,chr12,50822500,50827500,chr12,51342500,51347500
1644,chr12,50825000,51035000,chr12,50825000,50830000,chr12,51030000,51035000
15742,chr12,67352500,68327500,chr12,67352500,67357500,chr12,68322500,68327500
20996,chr12,68042500,68307500,chr12,68042500,68047500,chr12,68302500,68307500
15744,chr12,68042500,68317500,chr12,68042500,68047500,chr12,68312500,68317500
1710,chr12,68220000,68320000,chr12,68220000,68225000,chr12,68315000,68320000
28664,chr12,68222500,68317500,chr12,68222500,68227500,chr12,68312500,68317500
9120,chr12,68230000,69085000,chr12,68230000,68235000,chr12,69080000,69085000
1796,chr12,98422500,98657500,chr12,98422500,98427500,chr12,98652500,98657500
9204,chr12,98422500,98997500,chr12,98422500,98427500,chr12,98992500,98997500
15782,chr12,98490000,98655000,chr12,98490000,98495000,chr12,98650000,98655000
21087,chr12,98560000,98660000,chr12,98560000,98565000,chr12,98655000,98660000
1797,chr12,98562500,98657500,chr12,98562500,98567500,chr12,98652500,98657500
21088,chr12,98562500,99007500,chr12,98562500,98567500,chr12,99002500,99007500
9206,chr12,98572500,99007500,chr12,98572500,98577500,chr12,99002500,99007500
15785,chr12,99052500,100567500,chr12,99052500,99057500,chr12,100562500,100567500
1803,chr12,99802500,100557500,chr12,99802500,99807500,chr12,100552500,100557500
31660,chr12,99802500,100567500,chr12,99802500,99807500,chr12,100562500,100567500
21094,chr12,99810000,100555000,chr12,99810000,99815000,chr12,100550000,100555000
9212,chr12,100145000,100565000,chr12,100145000,100150000,chr12,100560000,100565000
28695,chr12,100232500,100557500,chr12,100232500,100237500,chr12,100552500,100557500
15786,chr12,100242500,100557500,chr12,100242500,100247500,chr12,100552500,100557500
21095,chr12,100350000,100560000,chr12,100350000,100355000,chr12,100555000,100560000
9213,chr12,100352500,100547500,chr12,100352500,100357500,chr12,100542500,100547500
9214,chr12,100355000,100735000,chr12,100355000,100360000,chr12,100730000,100735000
28704,chr12,104192500,104827500,chr12,104192500,104197500,chr12,104822500,104827500
28705,chr12,104192500,105387500,chr12,104192500,104197500,chr12,105382500,105387500
21111,chr12,104195000,104685000,chr12,104195000,104200000,chr12,104680000,104685000
21112,chr12,104195000,105055000,chr12,104195000,104200000,chr12,105050000,105055000
1819,chr12,104200000,105055000,chr12,104200000,104205000,chr12,105050000,105055000
15791,chr12,104202500,104817500,chr12,104202500,104207500,chr12,104812500,104817500
9227,chr12,104202500,105387500,chr12,104202500,104207500,chr12,105382500,105387500
21115,chr12,104382500,104617500,chr12,104382500,104387500,chr12,104612500,104617500
1821,chr12,104382500,104827500,chr12,104382500,104387500,chr12,104822500,104827500
15792,chr12,104382500,105057500,chr12,104382500,104387500,chr12,105052500,105057500
21116,chr12,104382500,105067500,chr12,104382500,104387500,chr12,105062500,105067500
15793,chr12,104382500,105387500,chr12,104382500,104387500,chr12,105382500,105387500
28706,chr12,104392500,105387500,chr12,104392500,104397500,chr12,105382500,105387500
9229,chr12,104735000,105055000,chr12,104735000,104740000,chr12,105050000,105055000
21121,chr12,105415000,106290000,chr12,105415000,105420000,chr12,106285000,106290000
1824,chr12,105422500,106287500,chr12,105422500,105427500,chr12,106282500,106287500
9236,chr12,106222500,106917500,chr12,106222500,106227500,chr12,106912500,106917500
1826,chr12,106225000,106285000,chr12,106225000,106230000,chr12,106280000,106285000
1829,chr12,108560000,109095000,chr12,108560000,108565000,chr12,109090000,109095000
21140,chr12,108562500,108807500,chr12,108562500,108567500,chr12,108802500,108807500
21141,chr12,108562500,109087500,chr12,108562500,108567500,chr12,109082500,109087500
1830,chr12,108565000,108805000,chr12,108565000,108570000,chr12,108800000,108805000
15799,chr12,108565000,108950000,chr12,108565000,108570000,chr12,108945000,108950000
1841,chr12,111750000,111815000,chr12,111750000,111755000,chr12,111810000,111815000
1860,chr12,116702500,117127500,chr12,116702500,116707500,chr12,117122500,117127500
21172,chr12,116710000,117125000,chr12,116710000,116715000,chr12,117120000,117125000
18410,chr12,116742500,116887500,chr12,116742500,116747500,chr12,116882500,116887500
21242,chr13,29482500,29717500,chr13,29482500,29487500,chr13,29712500,29717500
21243,chr13,29502500,29707500,chr13,29502500,29507500,chr13,29702500,29707500
28761,chr13,29502500,30107500,chr13,29502500,29507500,chr13,30102500,30107500
15845,chr13,29502500,30117500,chr13,29502500,29507500,chr13,30112500,30117500
9343,chr13,29512500,29717500,chr13,29512500,29517500,chr13,29712500,29717500
2080,chr14,20320000,20610000,chr14,20320000,20325000,chr14,20605000,20610000
28826,chr14,20322500,20607500,chr14,20322500,20327500,chr14,20602500,20607500
2081,chr14,20322500,20687500,chr14,20322500,20327500,chr14,20682500,20687500
2099,chr14,23982500,24097500,chr14,23982500,23987500,chr14,24092500,24097500
2100,chr14,24005000,24095000,chr14,24005000,24010000,chr14,24090000,24095000
28839,chr14,24010000,24100000,chr14,24010000,24015000,chr14,24095000,24100000
9702,chr14,92130000,92790000,chr14,92130000,92135000,chr14,92785000,92790000
18458,chr14,92690000,92775000,chr14,92690000,92695000,chr14,92770000,92775000
9703,chr14,92692500,92787500,chr14,92692500,92697500,chr14,92782500,92787500
21680,chr14,92710000,92785000,chr14,92710000,92715000,chr14,92780000,92785000
2319,chr15,34062500,34597500,chr15,34062500,34067500,chr15,34592500,34597500
16021,chr15,34242500,34587500,chr15,34242500,34247500,chr15,34582500,34587500
16022,chr15,34402500,34567500,chr15,34402500,34407500,chr15,34562500,34567500
9766,chr15,40625000,41410000,chr15,40625000,40630000,chr15,41405000,41410000
21765,chr15,40912500,41187500,chr15,40912500,40917500,chr15,41182500,41187500
9770,chr15,40912500,41197500,chr15,40912500,40917500,chr15,41192500,41197500
2341,chr15,40912500,41327500,chr15,40912500,40917500,chr15,41322500,41327500
28944,chr15,40935000,41185000,chr15,40935000,40940000,chr15,41180000,41185000
9771,chr15,40940000,41025000,chr15,40940000,40945000,chr15,41020000,41025000
2342,chr15,40940000,41190000,chr15,40940000,40945000,chr15,41185000,41190000
28998,chr15,72712500,73077500,chr15,72712500,72717500,chr15,73072500,73077500
2450,chr15,72720000,73085000,chr15,72720000,72725000,chr15,73080000,73085000
9897,chr15,72730000,73275000,chr15,72730000,72735000,chr15,73270000,73275000
2451,chr15,72790000,73085000,chr15,72790000,72795000,chr15,73080000,73085000
21893,chr15,73282500,73917500,chr15,73282500,73287500,chr15,73912500,73917500
16079,chr15,73292500,73907500,chr15,73292500,73297500,chr15,73902500,73907500
21894,chr15,73300000,73705000,chr15,73300000,73305000,chr15,73700000,73705000
2452,chr15,73302500,73707500,chr15,73302500,73307500,chr15,73702500,73707500
9899,chr15,74370000,74495000,chr15,74370000,74375000,chr15,74490000,74495000
2457,chr15,74370000,74770000,chr15,74370000,74375000,chr15,74765000,74770000
31724,chr15,74372500,74627500,chr15,74372500,74377500,chr15,74622500,74627500
31725,chr15,74372500,74767500,chr15,74372500,74377500,chr15,74762500,74767500
21900,chr15,74375000,74445000,chr15,74375000,74380000,chr15,74440000,74445000
2458,chr15,74375000,74625000,chr15,74375000,74380000,chr15,74620000,74625000
2459,chr15,74380000,74440000,chr15,74380000,74385000,chr15,74435000,74440000
9900,chr15,74382500,74957500,chr15,74382500,74387500,chr15,74952500,74957500
9901,chr15,74622500,74947500,chr15,74622500,74627500,chr15,74942500,74947500
2461,chr15,74632500,74767500,chr15,74632500,74637500,chr15,74762500,74767500
21901,chr15,74632500,74957500,chr15,74632500,74637500,chr15,74952500,74957500
21902,chr15,74635000,74770000,chr15,74635000,74640000,chr15,74765000,74770000
9902,chr15,74645000,74690000,chr15,74645000,74650000,chr15,74685000,74690000
2463,chr15,75022500,75307500,chr15,75022500,75027500,chr15,75302500,75307500
2464,chr15,75032500,75207500,chr15,75032500,75037500,chr15,75202500,75207500
16088,chr15,80442500,80977500,chr15,80442500,80447500,chr15,80972500,80977500
21923,chr15,80452500,80967500,chr15,80452500,80457500,chr15,80962500,80967500
2482,chr15,80455000,80975000,chr15,80455000,80460000,chr15,80970000,80975000
29007,chr15,80572500,80967500,chr15,80572500,80577500,chr15,80962500,80967500
16089,chr15,80572500,80977500,chr15,80572500,80577500,chr15,80972500,80977500
21925,chr15,80672500,80977500,chr15,80672500,80677500,chr15,80972500,80977500
9921,chr15,80682500,80977500,chr15,80682500,80687500,chr15,80972500,80977500
9922,chr15,80780000,80860000,chr15,80780000,80785000,chr15,80855000,80860000
2483,chr15,80782500,80967500,chr15,80782500,80787500,chr15,80962500,80967500
29008,chr15,80790000,80860000,chr15,80790000,80795000,chr15,80855000,80860000
16090,chr15,80855000,80955000,chr15,80855000,80860000,chr15,80950000,80955000
21988,chr15,98432500,99077500,chr15,98432500,98437500,chr15,99072500,99077500
29035,chr15,98440000,98660000,chr15,98440000,98445000,chr15,98655000,98660000
2532,chr15,98442500,98657500,chr15,98442500,98447500,chr15,98652500,98657500
9968,chr15,98442500,99077500,chr15,98442500,98447500,chr15,99072500,99077500
21989,chr15,98460000,99225000,chr15,98460000,98465000,chr15,99220000,99225000
21991,chr15,98512500,98657500,chr15,98512500,98517500,chr15,98652500,98657500
9969,chr15,98512500,98857500,chr15,98512500,98517500,chr15,98852500,98857500
21990,chr15,98512500,99077500,chr15,98512500,98517500,chr15,99072500,99077500
2533,chr15,98515000,98660000,chr15,98515000,98520000,chr15,98655000,98660000
2534,chr15,98520000,99080000,chr15,98520000,98525000,chr15,99075000,99080000
21992,chr15,98522500,98857500,chr15,98522500,98527500,chr15,98852500,98857500
9970,chr15,98575000,98655000,chr15,98575000,98580000,chr15,98650000,98655000
2535,chr15,98642500,98857500,chr15,98642500,98647500,chr15,98852500,98857500
21993,chr15,98655000,98780000,chr15,98655000,98660000,chr15,98775000,98780000
9971,chr15,98662500,99077500,chr15,98662500,98667500,chr15,99072500,99077500
16108,chr15,98775000,98850000,chr15,98775000,98780000,chr15,98845000,98850000
31740,chr15,98775000,98905000,chr15,98775000,98780000,chr15,98900000,98905000
2536,chr15,98780000,98900000,chr15,98780000,98785000,chr15,98895000,98900000
9972,chr15,98870000,99070000,chr15,98870000,98875000,chr15,99065000,99070000
21994,chr15,98882500,99057500,chr15,98882500,98887500,chr15,99052500,99057500
16115,chr16,2192500,2507500,chr16,2192500,2197500,chr16,2502500,2507500
9988,chr16,3690000,3880000,chr16,3690000,3695000,chr16,3875000,3880000
2592,chr16,25542500,31647500,chr16,25542500,25547500,chr16,31642500,31647500
29066,chr16,29692500,30027500,chr16,29692500,29697500,chr16,30022500,30027500
16134,chr16,29702500,30027500,chr16,29702500,29707500,chr16,30022500,30027500
29068,chr16,30972500,31447500,chr16,30972500,30977500,chr16,31442500,31447500
16137,chr16,30982500,31447500,chr16,30982500,30987500,chr16,31442500,31447500
29069,chr16,31102500,31447500,chr16,31102500,31107500,chr16,31442500,31447500
16138,chr16,31132500,31447500,chr16,31132500,31137500,chr16,31442500,31447500
22069,chr16,31192500,31437500,chr16,31192500,31197500,chr16,31432500,31437500
10037,chr16,31202500,31447500,chr16,31202500,31207500,chr16,31442500,31447500
22105,chr16,53542500,55027500,chr16,53542500,53547500,chr16,55022500,55027500
10056,chr16,53542500,55257500,chr16,53542500,53547500,chr16,55252500,55257500
29080,chr16,53762500,54937500,chr16,53762500,53767500,chr16,54932500,54937500
10059,chr16,53772500,55037500,chr16,53772500,53777500,chr16,55032500,55037500
22130,chr16,68530000,69125000,chr16,68530000,68535000,chr16,69120000,69125000
10088,chr16,68532500,68807500,chr16,68532500,68537500,chr16,68802500,68807500
2648,chr16,68532500,69127500,chr16,68532500,68537500,chr16,69122500,69127500
10089,chr16,68695000,69125000,chr16,68695000,68700000,chr16,69120000,69125000
2649,chr16,68702500,68807500,chr16,68702500,68707500,chr16,68802500,68807500
10094,chr16,69312500,69757500,chr16,69312500,69317500,chr16,69752500,69757500
10095,chr16,69332500,70257500,chr16,69332500,69337500,chr16,70252500,70257500
22135,chr16,69352500,69757500,chr16,69352500,69357500,chr16,69752500,69757500
2651,chr16,69372500,69747500,chr16,69372500,69377500,chr16,69742500,69747500
2652,chr16,69390000,69760000,chr16,69390000,69395000,chr16,69755000,69760000
22136,chr16,69392500,69757500,chr16,69392500,69397500,chr16,69752500,69757500
10098,chr16,69705000,69760000,chr16,69705000,69710000,chr16,69755000,69760000
22141,chr16,69715000,69755000,chr16,69715000,69720000,chr16,69750000,69755000
10114,chr16,74702500,75127500,chr16,74702500,74707500,chr16,75122500,75127500
2665,chr16,74705000,74815000,chr16,74705000,74710000,chr16,74810000,74815000
22161,chr16,74705000,74820000,chr16,74705000,74710000,chr16,74815000,74820000
2664,chr16,74705000,74865000,chr16,74705000,74710000,chr16,74860000,74865000
29097,chr16,74710000,74865000,chr16,74710000,74715000,chr16,74860000,74865000
10185,chr17,8062500,8787500,chr17,8062500,8067500,chr17,8782500,8787500
16192,chr17,8120000,8185000,chr17,8120000,8125000,chr17,8180000,8185000
16193,chr17,8125000,8225000,chr17,8125000,8130000,chr17,8220000,8225000
18506,chr17,15802500,20607500,chr17,15802500,15807500,chr17,20602500,20607500
31765,chr17,15822500,20637500,chr17,15822500,15827500,chr17,20632500,20637500
2743,chr17,15832500,20657500,chr17,15832500,15837500,chr17,20652500,20657500
2745,chr17,15872500,20697500,chr17,15872500,15877500,chr17,20692500,20697500
2800,chr17,40012500,40177500,chr17,40012500,40017500,chr17,40172500,40177500
16223,chr17,40012500,40297500,chr17,40012500,40017500,chr17,40292500,40297500
29170,chr17,40015000,40170000,chr17,40015000,40020000,chr17,40165000,40170000
29172,chr17,40360000,40540000,chr17,40360000,40365000,chr17,40535000,40540000
2802,chr17,40360000,40560000,chr17,40360000,40365000,chr17,40555000,40560000
22310,chr17,40362500,40557500,chr17,40362500,40367500,chr17,40552500,40557500
18512,chr17,40372500,40537500,chr17,40372500,40377500,chr17,40532500,40537500
29173,chr17,40382500,40557500,chr17,40382500,40387500,chr17,40552500,40557500
10255,chr17,40382500,40787500,chr17,40382500,40387500,chr17,40782500,40787500
16224,chr17,40392500,40557500,chr17,40392500,40397500,chr17,40552500,40557500
29174,chr17,40400000,40540000,chr17,40400000,40405000,chr17,40535000,40540000
16225,chr17,40432500,40547500,chr17,40432500,40437500,chr17,40542500,40547500
22311,chr17,40435000,40535000,chr17,40435000,40440000,chr17,40530000,40535000
2803,chr17,40440000,40535000,chr17,40440000,40445000,chr17,40530000,40535000
29175,chr17,40480000,40530000,chr17,40480000,40485000,chr17,40525000,40530000
2807,chr17,41732500,41807500,chr17,41732500,41737500,chr17,41802500,41807500
29177,chr17,41735000,41805000,chr17,41735000,41740000,chr17,41800000,41805000
10270,chr17,43012500,43127500,chr17,43012500,43017500,chr17,43122500,43127500
22337,chr17,45140000,45200000,chr17,45140000,45145000,chr17,45195000,45200000
2816,chr17,45145000,45200000,chr17,45145000,45150000,chr17,45195000,45200000
2823,chr17,47840000,47890000,chr17,47840000,47845000,chr17,47885000,47890000
22347,chr17,47840000,48015000,chr17,47840000,47845000,chr17,48010000,48015000
2824,chr17,47842500,48007500,chr17,47842500,47847500,chr17,48002500,48007500
16233,chr17,47885000,48020000,chr17,47885000,47890000,chr17,48015000,48020000
29184,chr17,47945000,48020000,chr17,47945000,47950000,chr17,48015000,48020000
22384,chr17,54982500,55767500,chr17,54982500,54987500,chr17,55762500,55767500
2859,chr17,54992500,55517500,chr17,54992500,54997500,chr17,55512500,55517500
16240,chr17,55290000,55515000,chr17,55290000,55295000,chr17,55510000,55515000
16241,chr17,55352500,55507500,chr17,55352500,55357500,chr17,55502500,55507500
22387,chr17,55352500,55517500,chr17,55352500,55357500,chr17,55512500,55517500
10308,chr17,55405000,55750000,chr17,55405000,55410000,chr17,55745000,55750000
2861,chr17,55412500,55507500,chr17,55412500,55417500,chr17,55502500,55507500
29192,chr17,55420000,55505000,chr17,55420000,55425000,chr17,55500000,55505000
31780,chr17,57005000,57120000,chr17,57005000,57010000,chr17,57115000,57120000
10404,chr17,77065000,77505000,chr17,77065000,77070000,chr17,77500000,77505000
22475,chr17,77262500,77497500,chr17,77262500,77267500,chr17,77492500,77497500
2938,chr17,77330000,77500000,chr17,77330000,77335000,chr17,77495000,77500000
10405,chr17,77335000,77425000,chr17,77335000,77340000,chr17,77420000,77425000
29233,chr17,77430000,77500000,chr17,77430000,77435000,chr17,77495000,77500000
29236,chr17,78852500,78977500,chr17,78852500,78857500,chr17,78972500,78977500
10413,chr17,78852500,78987500,chr17,78852500,78857500,chr17,78982500,78987500
22479,chr17,78872500,78977500,chr17,78872500,78877500,chr17,78972500,78977500
2944,chr17,79732500,79997500,chr17,79732500,79737500,chr17,79992500,79997500
22486,chr17,79735000,79995000,chr17,79735000,79740000,chr17,79990000,79995000
10419,chr17,79792500,79997500,chr17,79792500,79797500,chr17,79992500,79997500
22487,chr17,79802500,79997500,chr17,79802500,79807500,chr17,79992500,79997500
2946,chr17,79810000,79995000,chr17,79810000,79815000,chr17,79990000,79995000
22489,chr17,79822500,79997500,chr17,79822500,79827500,chr17,79992500,79997500
10420,chr17,79920000,79995000,chr17,79920000,79925000,chr17,79990000,79995000
10421,chr17,80082500,80367500,chr17,80082500,80087500,chr17,80362500,80367500
10422,chr17,80092500,80247500,chr17,80092500,80097500,chr17,80242500,80247500
22490,chr17,80112500,80237500,chr17,80112500,80117500,chr17,80232500,80237500
2949,chr17,81955000,82025000,chr17,81955000,81960000,chr17,82020000,82025000
22550,chr18,21900000,22710000,chr18,21900000,21905000,chr18,22705000,22710000
2995,chr18,21902500,22567500,chr18,21902500,21907500,chr18,22562500,22567500
16311,chr18,21912500,22707500,chr18,21912500,21917500,chr18,22702500,22707500
22551,chr18,21915000,22795000,chr18,21915000,21920000,chr18,22790000,22795000
2996,chr18,21995000,22565000,chr18,21995000,22000000,chr18,22560000,22565000
10481,chr18,21995000,22710000,chr18,21995000,22000000,chr18,22705000,22710000
29340,chr19,1922500,2317500,chr19,1922500,1927500,chr19,2312500,2317500
29341,chr19,2020000,2075000,chr19,2020000,2025000,chr19,2070000,2075000
22734,chr19,4810000,4865000,chr19,4810000,4815000,chr19,4860000,4865000
3118,chr19,4810000,4915000,chr19,4810000,4815000,chr19,4910000,4915000
3119,chr19,4812500,5027500,chr19,4812500,4817500,chr19,5022500,5027500
3120,chr19,4815000,4865000,chr19,4815000,4820000,chr19,4860000,4865000
3125,chr19,7102500,7347500,chr19,7102500,7107500,chr19,7342500,7347500
22742,chr19,7145000,7340000,chr19,7145000,7150000,chr19,7335000,7340000
3126,chr19,7145000,7345000,chr19,7145000,7150000,chr19,7340000,7345000
3127,chr19,7195000,7295000,chr19,7195000,7200000,chr19,7290000,7295000
3131,chr19,8345000,8510000,chr19,8345000,8350000,chr19,8505000,8510000
3132,chr19,8350000,8405000,chr19,8350000,8355000,chr19,8400000,8405000
29349,chr19,8355000,8400000,chr19,8355000,8360000,chr19,8395000,8400000
10679,chr19,10932500,11117500,chr19,10932500,10937500,chr19,11112500,11117500
22753,chr19,10932500,11127500,chr19,10932500,10937500,chr19,11122500,11127500
16388,chr19,11035000,11130000,chr19,11035000,11040000,chr19,11125000,11130000
10682,chr19,11282500,11587500,chr19,11282500,11287500,chr19,11582500,11587500
29351,chr19,11292500,11447500,chr19,11292500,11297500,chr19,11442500,11447500
3143,chr19,11295000,11445000,chr19,11295000,11300000,chr19,11440000,11445000
10687,chr19,14142500,14477500,chr19,14142500,14147500,chr19,14472500,14477500
3158,chr19,14392500,14767500,chr19,14392500,14397500,chr19,14762500,14767500
22778,chr19,29732500,29877500,chr19,29732500,29737500,chr19,29872500,29877500
10709,chr19,29732500,30647500,chr19,29732500,29737500,chr19,30642500,30647500
29360,chr19,29732500,30657500,chr19,29732500,29737500,chr19,30652500,30657500
16404,chr19,29742500,29877500,chr19,29742500,29747500,chr19,29872500,29877500
22779,chr19,29752500,29877500,chr19,29752500,29757500,chr19,29872500,29877500
3178,chr19,29760000,29875000,chr19,29760000,29765000,chr19,29870000,29875000
22780,chr19,29762500,30657500,chr19,29762500,29767500,chr19,30652500,30657500
22797,chr19,35152500,35257500,chr19,35152500,35157500,chr19,35252500,35257500
31816,chr19,41125000,41265000,chr19,41125000,41130000,chr19,41260000,41265000
3207,chr19,41200000,41310000,chr19,41200000,41205000,chr19,41305000,41310000
22811,chr19,41202500,41307500,chr19,41202500,41207500,chr19,41302500,41307500
3208,chr19,41205000,41260000,chr19,41205000,41210000,chr19,41255000,41260000
29377,chr19,41205000,41265000,chr19,41205000,41210000,chr19,41260000,41265000
10733,chr19,41332500,41557500,chr19,41332500,41337500,chr19,41552500,41557500
3209,chr19,41635000,41750000,chr19,41635000,41640000,chr19,41745000,41750000
29378,chr19,41640000,41745000,chr19,41640000,41645000,chr19,41740000,41745000
10736,chr19,41640000,41805000,chr19,41640000,41645000,chr19,41800000,41805000
3210,chr19,41705000,41750000,chr19,41705000,41710000,chr19,41745000,41750000
18557,chr19,41705000,41790000,chr19,41705000,41710000,chr19,41785000,41790000
3222,chr19,43222500,43657500,chr19,43222500,43227500,chr19,43652500,43657500
22822,chr19,43230000,43665000,chr19,43230000,43235000,chr19,43660000,43665000
10744,chr19,43232500,43807500,chr19,43232500,43237500,chr19,43802500,43807500
29381,chr19,43442500,43797500,chr19,43442500,43447500,chr19,43792500,43797500
3225,chr19,43445000,43795000,chr19,43445000,43450000,chr19,43790000,43795000
22826,chr19,43445000,43810000,chr19,43445000,43450000,chr19,43805000,43810000
22828,chr19,44572500,44667500,chr19,44572500,44577500,chr19,44662500,44667500
10748,chr19,44682500,44777500,chr19,44682500,44687500,chr19,44772500,44777500
18559,chr19,44902500,45337500,chr19,44902500,44907500,chr19,45332500,45337500
3236,chr19,46272500,47397500,chr19,46272500,46277500,chr19,47392500,47397500
22835,chr19,46750000,46845000,chr19,46750000,46755000,chr19,46840000,46845000
22836,chr19,46755000,46990000,chr19,46755000,46760000,chr19,46985000,46990000
3237,chr19,46755000,46995000,chr19,46755000,46760000,chr19,46990000,46995000
10755,chr19,46762500,46847500,chr19,46762500,46767500,chr19,46842500,46847500
10757,chr19,47010000,47250000,chr19,47010000,47015000,chr19,47245000,47250000
18560,chr19,47015000,47125000,chr19,47015000,47020000,chr19,47120000,47125000
10758,chr19,47035000,47130000,chr19,47035000,47040000,chr19,47125000,47130000
22839,chr19,47042500,47247500,chr19,47042500,47047500,chr19,47242500,47247500
3239,chr19,47052500,47397500,chr19,47052500,47057500,chr19,47392500,47397500
22840,chr19,47070000,47135000,chr19,47070000,47075000,chr19,47130000,47135000
3240,chr19,47075000,47130000,chr19,47075000,47080000,chr19,47125000,47130000
3248,chr19,48785000,48975000,chr19,48785000,48790000,chr19,48970000,48975000
22850,chr19,48792500,48977500,chr19,48792500,48797500,chr19,48972500,48977500
10768,chr19,48835000,48975000,chr19,48835000,48840000,chr19,48970000,48975000
3260,chr19,53800000,54030000,chr19,53800000,53805000,chr19,54025000,54030000
22862,chr19,53802500,54027500,chr19,53802500,53807500,chr19,54022500,54027500
10783,chr19,53822500,54027500,chr19,53822500,53827500,chr19,54022500,54027500
22863,chr19,53832500,54027500,chr19,53832500,53837500,chr19,54022500,54027500
3261,chr19,53840000,54030000,chr19,53840000,53845000,chr19,54025000,54030000
16421,chr19,55130000,55455000,chr19,55130000,55135000,chr19,55450000,55455000
3267,chr19,55140000,55505000,chr19,55140000,55145000,chr19,55500000,55505000
3269,chr19,55142500,55427500,chr19,55142500,55147500,chr19,55422500,55427500
29391,chr19,55142500,55497500,chr19,55142500,55147500,chr19,55492500,55497500
3268,chr19,55142500,55627500,chr19,55142500,55147500,chr19,55622500,55627500
3270,chr19,55200000,55420000,chr19,55200000,55205000,chr19,55415000,55420000
22867,chr19,55205000,55425000,chr19,55205000,55210000,chr19,55420000,55425000
3287,chr2,10070000,10665000,chr2,10070000,10075000,chr2,10660000,10665000
22895,chr2,10072500,10667500,chr2,10072500,10077500,chr2,10662500,10667500
3289,chr2,10122500,10667500,chr2,10122500,10127500,chr2,10662500,10667500
29402,chr2,10442500,10667500,chr2,10442500,10447500,chr2,10662500,10667500
16462,chr2,31682500,33387500,chr2,31682500,31687500,chr2,33382500,33387500
3346,chr2,32550000,33380000,chr2,32550000,32555000,chr2,33375000,33380000
10882,chr2,32552500,33027500,chr2,32552500,32557500,chr2,33022500,33027500
29434,chr2,32552500,33377500,chr2,32552500,32557500,chr2,33372500,33377500
22976,chr2,32770000,33275000,chr2,32770000,32775000,chr2,33270000,33275000
22975,chr2,32770000,33380000,chr2,32770000,32775000,chr2,33375000,33380000
29436,chr2,32770000,33440000,chr2,32770000,32775000,chr2,33435000,33440000
29437,chr2,32772500,32997500,chr2,32772500,32777500,chr2,32992500,32997500
29435,chr2,32772500,33037500,chr2,32772500,32777500,chr2,33032500,33037500
3348,chr2,32772500,33377500,chr2,32772500,32777500,chr2,33372500,33377500
31832,chr2,32772500,33587500,chr2,32772500,32777500,chr2,33582500,33587500
10883,chr2,32782500,33037500,chr2,32782500,32787500,chr2,33032500,33037500
10884,chr2,32942500,33377500,chr2,32942500,32947500,chr2,33372500,33377500
29438,chr2,32942500,33387500,chr2,32942500,32947500,chr2,33382500,33387500
16463,chr2,33032500,33377500,chr2,33032500,33037500,chr2,33372500,33377500
22977,chr2,33042500,33387500,chr2,33042500,33047500,chr2,33382500,33387500
22978,chr2,33062500,33387500,chr2,33062500,33067500,chr2,33382500,33387500
10885,chr2,33205000,33375000,chr2,33205000,33210000,chr2,33370000,33375000
23035,chr2,42820000,43480000,chr2,42820000,42825000,chr2,43475000,43480000
16471,chr2,42820000,43610000,chr2,42820000,42825000,chr2,43605000,43610000
3383,chr2,42825000,43235000,chr2,42825000,42830000,chr2,43230000,43235000
3382,chr2,42825000,43545000,chr2,42825000,42830000,chr2,43540000,43545000
29452,chr2,42830000,43540000,chr2,42830000,42835000,chr2,43535000,43540000
29451,chr2,42832500,43237500,chr2,42832500,42837500,chr2,43232500,43237500
16472,chr2,42832500,43587500,chr2,42832500,42837500,chr2,43582500,43587500
29450,chr2,42832500,43607500,chr2,42832500,42837500,chr2,43602500,43607500
23036,chr2,42840000,43705000,chr2,42840000,42845000,chr2,43700000,43705000
16473,chr2,42842500,43237500,chr2,42842500,42847500,chr2,43232500,43237500
23037,chr2,42845000,43545000,chr2,42845000,42850000,chr2,43540000,43545000
31837,chr2,42852500,43237500,chr2,42852500,42857500,chr2,43232500,43237500
31838,chr2,42852500,43487500,chr2,42852500,42857500,chr2,43482500,43487500
3385,chr2,42860000,43235000,chr2,42860000,42865000,chr2,43230000,43235000
3384,chr2,42860000,43490000,chr2,42860000,42865000,chr2,43485000,43490000
29453,chr2,42860000,43610000,chr2,42860000,42865000,chr2,43605000,43610000
10926,chr2,42940000,43490000,chr2,42940000,42945000,chr2,43485000,43490000
3386,chr2,42945000,43545000,chr2,42945000,42950000,chr2,43540000,43545000
16474,chr2,42945000,43615000,chr2,42945000,42950000,chr2,43610000,43615000
10927,chr2,42952500,43237500,chr2,42952500,42957500,chr2,43232500,43237500
23038,chr2,42952500,43247500,chr2,42952500,42957500,chr2,43242500,43247500
23039,chr2,42952500,43487500,chr2,42952500,42957500,chr2,43482500,43487500
23040,chr2,42952500,43567500,chr2,42952500,42957500,chr2,43562500,43567500
16475,chr2,42962500,43487500,chr2,42962500,42967500,chr2,43482500,43487500
3387,chr2,42972500,43237500,chr2,42972500,42977500,chr2,43232500,43237500
29454,chr2,42975000,43235000,chr2,42975000,42980000,chr2,43230000,43235000
10928,chr2,43020000,43235000,chr2,43020000,43025000,chr2,43230000,43235000
29455,chr2,43020000,43485000,chr2,43020000,43025000,chr2,43480000,43485000
3388,chr2,43025000,43485000,chr2,43025000,43030000,chr2,43480000,43485000
23041,chr2,43120000,43550000,chr2,43120000,43125000,chr2,43545000,43550000
23042,chr2,43122500,43237500,chr2,43122500,43127500,chr2,43232500,43237500
3389,chr2,43125000,43230000,chr2,43125000,43130000,chr2,43225000,43230000
23043,chr2,43125000,43490000,chr2,43125000,43130000,chr2,43485000,43490000
3390,chr2,43132500,43497500,chr2,43132500,43137500,chr2,43492500,43497500
3391,chr2,43165000,43225000,chr2,43165000,43170000,chr2,43220000,43225000
23044,chr2,43170000,43225000,chr2,43170000,43175000,chr2,43220000,43225000
29500,chr2,69902500,70647500,chr2,69902500,69907500,chr2,70642500,70647500
3481,chr2,69905000,70650000,chr2,69905000,69910000,chr2,70645000,70650000
23177,chr2,69910000,70260000,chr2,69910000,69915000,chr2,70255000,70260000
11051,chr2,69912500,70147500,chr2,69912500,69917500,chr2,70142500,70147500
23176,chr2,69912500,70157500,chr2,69912500,69917500,chr2,70152500,70157500
3482,chr2,69912500,70297500,chr2,69912500,69917500,chr2,70292500,70297500
11053,chr2,70080000,70295000,chr2,70080000,70085000,chr2,70290000,70295000
18595,chr2,70082500,70257500,chr2,70082500,70087500,chr2,70252500,70257500
3484,chr2,70085000,70140000,chr2,70085000,70090000,chr2,70135000,70140000
3523,chr2,85832500,86367500,chr2,85832500,85837500,chr2,86362500,86367500
11149,chr2,112602500,112947500,chr2,112602500,112607500,chr2,112942500,112947500
29551,chr2,112612500,112957500,chr2,112612500,112617500,chr2,112952500,112957500
11150,chr2,112632500,112737500,chr2,112632500,112637500,chr2,112732500,112737500
23261,chr2,112742500,112947500,chr2,112742500,112747500,chr2,112942500,112947500
11151,chr2,112742500,112957500,chr2,112742500,112747500,chr2,112952500,112957500
3569,chr2,112750000,112885000,chr2,112750000,112755000,chr2,112880000,112885000
23512,chr2,195322500,195657500,chr2,195322500,195327500,chr2,195652500,195657500
16629,chr2,195332500,195657500,chr2,195332500,195337500,chr2,195652500,195657500
29647,chr2,195662500,196067500,chr2,195662500,195667500,chr2,196062500,196067500
18633,chr2,195672500,196067500,chr2,195672500,195677500,chr2,196062500,196067500
3822,chr2,213250000,215935000,chr2,213250000,213255000,chr2,215930000,215935000
18646,chr2,213252500,215917500,chr2,213252500,213257500,chr2,215912500,215917500
31891,chr2,213252500,215937500,chr2,213252500,213257500,chr2,215932500,215937500
11409,chr2,213252500,216017500,chr2,213252500,213257500,chr2,216012500,216017500
3823,chr2,213802500,215927500,chr2,213802500,213807500,chr2,215922500,215927500
3824,chr2,214952500,215917500,chr2,214952500,214957500,chr2,215912500,215917500
23589,chr2,214955000,215925000,chr2,214955000,214960000,chr2,215920000,215925000
11411,chr2,215275000,215385000,chr2,215275000,215280000,chr2,215380000,215385000
16655,chr2,215302500,215427500,chr2,215302500,215307500,chr2,215422500,215427500
23590,chr2,215322500,215427500,chr2,215322500,215327500,chr2,215422500,215427500
16672,chr2,223975000,224325000,chr2,223975000,223980000,chr2,224320000,224325000
11439,chr2,223982500,224287500,chr2,223982500,223987500,chr2,224282500,224287500
3843,chr2,223982500,224357500,chr2,223982500,223987500,chr2,224352500,224357500
18650,chr2,223982500,224647500,chr2,223982500,223987500,chr2,224642500,224647500
16673,chr2,223982500,225007500,chr2,223982500,223987500,chr2,225002500,225007500
23621,chr2,223992500,224287500,chr2,223992500,223997500,chr2,224282500,224287500
23662,chr2,231892500,232417500,chr2,231892500,231897500,chr2,232412500,232417500
11472,chr2,231892500,232427500,chr2,231892500,231897500,chr2,232422500,232427500
29711,chr2,231902500,232437500,chr2,231902500,231907500,chr2,232432500,232437500
3871,chr2,231910000,232440000,chr2,231910000,231915000,chr2,232435000,232440000
29713,chr2,232332500,232447500,chr2,232332500,232337500,chr2,232442500,232447500
16685,chr2,232342500,232447500,chr2,232342500,232347500,chr2,232442500,232447500
16686,chr2,232365000,232440000,chr2,232365000,232370000,chr2,232435000,232440000
11478,chr2,232850000,233850000,chr2,232850000,232855000,chr2,233845000,233850000
23854,chr20,44112500,44467500,chr20,44112500,44117500,chr20,44462500,44467500
23855,chr20,44115000,44190000,chr20,44115000,44120000,chr20,44185000,44190000
4035,chr20,44115000,44195000,chr20,44115000,44120000,chr20,44190000,44195000
23856,chr20,44122500,44607500,chr20,44122500,44127500,chr20,44602500,44607500
4114,chr21,25602500,26727500,chr21,25602500,25607500,chr21,26722500,26727500
23964,chr21,25610000,26720000,chr21,25610000,25615000,chr21,26715000,26720000
11723,chr21,25635000,26660000,chr21,25635000,25640000,chr21,26655000,26660000
16788,chr21,25882500,26167500,chr21,25882500,25887500,chr21,26162500,26167500
23966,chr21,25882500,26177500,chr21,25882500,25887500,chr21,26172500,26177500
11742,chr21,31680000,31730000,chr21,31680000,31685000,chr21,31725000,31730000
11743,chr21,31785000,32600000,chr21,31785000,31790000,chr21,32595000,32600000
16799,chr21,31872500,32607500,chr21,31872500,31877500,chr21,32602500,32607500
23987,chr21,32262500,32607500,chr21,32262500,32267500,chr21,32602500,32607500
16800,chr21,32272500,32607500,chr21,32272500,32277500,chr21,32602500,32607500
11745,chr21,32335000,32600000,chr21,32335000,32340000,chr21,32595000,32600000
24035,chr21,41280000,41605000,chr21,41280000,41285000,chr21,41600000,41605000
4165,chr21,41280000,41610000,chr21,41280000,41285000,chr21,41605000,41610000
4166,chr21,41282500,41467500,chr21,41282500,41287500,chr21,41462500,41467500
16808,chr21,41282500,41807500,chr21,41282500,41287500,chr21,41802500,41807500
4171,chr21,42592500,42827500,chr21,42592500,42597500,chr21,42822500,42827500
24043,chr21,42595000,42825000,chr21,42595000,42600000,chr21,42820000,42825000
29857,chr21,42652500,42817500,chr21,42652500,42657500,chr21,42812500,42817500
4207,chr22,28602500,29247500,chr22,28602500,28607500,chr22,29242500,29247500
24081,chr22,28842500,29247500,chr22,28842500,28847500,chr22,29242500,29247500
4208,chr22,28850000,29160000,chr22,28850000,28855000,chr22,29155000,29160000
24082,chr22,28852500,29157500,chr22,28852500,28857500,chr22,29152500,29157500
18685,chr22,28852500,29247500,chr22,28852500,28857500,chr22,29242500,29247500
4210,chr22,29402500,32157500,chr22,29402500,29407500,chr22,32152500,32157500
24090,chr22,30105000,30390000,chr22,30105000,30110000,chr22,30385000,30390000
4216,chr22,30112500,30387500,chr22,30112500,30117500,chr22,30382500,30387500
4219,chr22,30272500,30387500,chr22,30272500,30277500,chr22,30382500,30387500
4221,chr22,30762500,31147500,chr22,30762500,30767500,chr22,31142500,31147500
24095,chr22,30940000,31155000,chr22,30940000,30945000,chr22,31150000,31155000
4223,chr22,30945000,31150000,chr22,30945000,30950000,chr22,31145000,31150000
11838,chr22,31090000,31150000,chr22,31090000,31095000,chr22,31145000,31150000
11837,chr22,31092500,31277500,chr22,31092500,31097500,chr22,31272500,31277500
31931,chr22,32522500,32817500,chr22,32522500,32527500,chr22,32812500,32817500
11842,chr22,32522500,32997500,chr22,32522500,32527500,chr22,32992500,32997500
29882,chr22,32522500,33207500,chr22,32522500,32527500,chr22,33202500,33207500
11844,chr22,32532500,32827500,chr22,32532500,32537500,chr22,32822500,32827500
29883,chr22,32532500,32997500,chr22,32532500,32537500,chr22,32992500,32997500
16823,chr22,32652500,33207500,chr22,32652500,32657500,chr22,33202500,33207500
24106,chr22,32660000,33000000,chr22,32660000,32665000,chr22,32995000,33000000
24107,chr22,32802500,32987500,chr22,32802500,32807500,chr22,32982500,32987500
11845,chr22,32832500,32987500,chr22,32832500,32837500,chr22,32982500,32987500
11868,chr22,38752500,39127500,chr22,38752500,38757500,chr22,39122500,39127500
18690,chr22,38762500,39007500,chr22,38762500,38767500,chr22,39002500,39007500
24131,chr22,38762500,39117500,chr22,38762500,38767500,chr22,39112500,39117500
16828,chr22,38772500,39127500,chr22,38772500,38777500,chr22,39122500,39127500
11869,chr22,38775000,39045000,chr22,38775000,38780000,chr22,39040000,39045000
24132,chr22,38852500,39147500,chr22,38852500,38857500,chr22,39142500,39147500
4255,chr22,38862500,38997500,chr22,38862500,38867500,chr22,38992500,38997500
24133,chr22,38862500,39127500,chr22,38862500,38867500,chr22,39122500,39127500
24134,chr22,38865000,38995000,chr22,38865000,38870000,chr22,38990000,38995000
11870,chr22,38872500,39127500,chr22,38872500,38877500,chr22,39122500,39127500
4256,chr22,39012500,39127500,chr22,39012500,39017500,chr22,39122500,39127500
29901,chr22,45992500,46317500,chr22,45992500,45997500,chr22,46312500,46317500
16839,chr22,46002500,46317500,chr22,46002500,46007500,chr22,46312500,46317500
4286,chr22,46122500,46317500,chr22,46122500,46127500,chr22,46312500,46317500
18695,chr22,46122500,46547500,chr22,46122500,46127500,chr22,46542500,46547500
24163,chr22,46125000,46315000,chr22,46125000,46130000,chr22,46310000,46315000
24164,chr22,46132500,46547500,chr22,46132500,46137500,chr22,46542500,46547500
24175,chr3,4655000,5065000,chr3,4655000,4660000,chr3,5060000,5065000
4295,chr3,4655000,5070000,chr3,4655000,4660000,chr3,5065000,5070000
11905,chr3,4710000,5195000,chr3,4710000,4715000,chr3,5190000,5195000
24176,chr3,4712500,5047500,chr3,4712500,4717500,chr3,5042500,5047500
11904,chr3,4712500,5057500,chr3,4712500,4717500,chr3,5052500,5057500
4296,chr3,4715000,5030000,chr3,4715000,4720000,chr3,5025000,5030000
31937,chr3,4720000,4980000,chr3,4720000,4725000,chr3,4975000,4980000
16846,chr3,4980000,5025000,chr3,4980000,4985000,chr3,5020000,5025000
31941,chr3,9992500,11867500,chr3,9992500,9997500,chr3,11862500,11867500
18699,chr3,9992500,11877500,chr3,9992500,9997500,chr3,11872500,11877500
4305,chr3,10042500,11877500,chr3,10042500,10047500,chr3,11872500,11877500
24195,chr3,10942500,11337500,chr3,10942500,10947500,chr3,11332500,11337500
11918,chr3,11060000,11155000,chr3,11060000,11065000,chr3,11150000,11155000
31942,chr3,11062500,11337500,chr3,11062500,11067500,chr3,11332500,11337500
11919,chr3,11072500,11327500,chr3,11072500,11077500,chr3,11322500,11327500
24197,chr3,11150000,11650000,chr3,11150000,11155000,chr3,11645000,11650000
4311,chr3,11152500,11347500,chr3,11152500,11157500,chr3,11342500,11347500
24198,chr3,11230000,11335000,chr3,11230000,11235000,chr3,11330000,11335000
4312,chr3,11232500,11337500,chr3,11232500,11237500,chr3,11332500,11337500
12007,chr3,38002500,38477500,chr3,38002500,38007500,chr3,38472500,38477500
24299,chr3,38012500,38487500,chr3,38012500,38017500,chr3,38482500,38487500
12008,chr3,38022500,38477500,chr3,38022500,38027500,chr3,38472500,38477500
4380,chr3,38052500,42837500,chr3,38052500,38057500,chr3,42832500,42837500
4381,chr3,38112500,38307500,chr3,38112500,38117500,chr3,38302500,38307500
12009,chr3,38112500,38477500,chr3,38112500,38117500,chr3,38472500,38477500
12033,chr3,45040000,45150000,chr3,45040000,45045000,chr3,45145000,45150000
4405,chr3,45042500,45217500,chr3,45042500,45047500,chr3,45212500,45217500
4406,chr3,45042500,45507500,chr3,45042500,45047500,chr3,45502500,45507500
4407,chr3,45042500,45667500,chr3,45042500,45047500,chr3,45662500,45667500
29958,chr3,45090000,45205000,chr3,45090000,45095000,chr3,45200000,45205000
12034,chr3,45095000,45215000,chr3,45095000,45100000,chr3,45210000,45215000
12035,chr3,45135000,45215000,chr3,45135000,45140000,chr3,45210000,45215000
12051,chr3,53110000,53710000,chr3,53110000,53115000,chr3,53705000,53710000
4436,chr3,53115000,53200000,chr3,53115000,53120000,chr3,53195000,53200000
18709,chr3,56992500,57167500,chr3,56992500,56997500,chr3,57162500,57167500
16901,chr3,57092500,58177500,chr3,57092500,57097500,chr3,58172500,58177500
12067,chr3,57095000,57435000,chr3,57095000,57100000,chr3,57430000,57435000
12068,chr3,57102500,57847500,chr3,57102500,57107500,chr3,57842500,57847500
12069,chr3,57102500,57867500,chr3,57102500,57107500,chr3,57862500,57867500
12070,chr3,57170000,57585000,chr3,57170000,57175000,chr3,57580000,57585000
18720,chr3,121152500,130727500,chr3,121152500,121157500,chr3,130722500,130727500
4585,chr3,123722500,125687500,chr3,123722500,123727500,chr3,125682500,125687500
18722,chr3,124562500,124907500,chr3,124562500,124567500,chr3,124902500,124907500
30062,chr3,124742500,125587500,chr3,124742500,124747500,chr3,125582500,125587500
16974,chr3,124752500,124987500,chr3,124752500,124757500,chr3,124982500,124987500
4589,chr3,124762500,124907500,chr3,124762500,124767500,chr3,124902500,124907500
12201,chr3,124765000,125440000,chr3,124765000,124770000,chr3,125435000,125440000
4591,chr3,124922500,125587500,chr3,124922500,124927500,chr3,125582500,125587500
4592,chr3,124925000,124990000,chr3,124925000,124930000,chr3,124985000,124990000
24507,chr3,124925000,125440000,chr3,124925000,124930000,chr3,125435000,125440000
4593,chr3,124925000,125445000,chr3,124925000,124930000,chr3,125440000,125445000
24506,chr3,124925000,125585000,chr3,124925000,124930000,chr3,125580000,125585000
31963,chr3,125762500,129997500,chr3,125762500,125767500,chr3,129992500,129997500
16976,chr3,126512500,127547500,chr3,126512500,126517500,chr3,127542500,127547500
30065,chr3,126522500,127547500,chr3,126522500,126527500,chr3,127542500,127547500
16977,chr3,126672500,127547500,chr3,126672500,126677500,chr3,127542500,127547500
24628,chr3,156150000,157085000,chr3,156150000,156155000,chr3,157080000,157085000
4714,chr3,156150000,157090000,chr3,156150000,156155000,chr3,157085000,157090000
4715,chr3,156150000,157140000,chr3,156150000,156155000,chr3,157135000,157140000
4718,chr3,156152500,157077500,chr3,156152500,156157500,chr3,157072500,157077500
30121,chr3,156152500,157137500,chr3,156152500,156157500,chr3,157132500,157137500
12300,chr3,156460000,157145000,chr3,156460000,156465000,chr3,157140000,157145000
4719,chr3,156522500,157147500,chr3,156522500,156527500,chr3,157142500,157147500
30123,chr3,156542500,157087500,chr3,156542500,156547500,chr3,157082500,157087500
24631,chr3,156542500,157147500,chr3,156542500,156547500,chr3,157142500,157147500
4721,chr3,156550000,157090000,chr3,156550000,156555000,chr3,157085000,157090000
4722,chr3,156670000,157085000,chr3,156670000,156675000,chr3,157080000,157085000
4723,chr3,156675000,157135000,chr3,156675000,156680000,chr3,157130000,157135000
24632,chr3,156680000,157135000,chr3,156680000,156685000,chr3,157130000,157135000
12302,chr3,156810000,157145000,chr3,156810000,156815000,chr3,157140000,157145000
24633,chr3,156822500,157137500,chr3,156822500,156827500,chr3,157132500,157137500
4724,chr3,157085000,157130000,chr3,157085000,157090000,chr3,157125000,157130000
12359,chr3,182710000,183180000,chr3,182710000,182715000,chr3,183175000,183180000
4803,chr3,182712500,183387500,chr3,182712500,182717500,chr3,183382500,183387500
12360,chr3,183110000,183265000,chr3,183110000,183115000,chr3,183260000,183265000
4804,chr3,183120000,183185000,chr3,183120000,183125000,chr3,183180000,183185000
24712,chr3,183120000,183385000,chr3,183120000,183125000,chr3,183380000,183385000
4805,chr3,183122500,183387500,chr3,183122500,183127500,chr3,183382500,183387500
24713,chr3,183125000,183180000,chr3,183125000,183130000,chr3,183175000,183180000
17073,chr4,6342500,7087500,chr4,6342500,6347500,chr4,7082500,7087500
12452,chr4,17542500,17647500,chr4,17542500,17547500,chr4,17642500,17647500
12451,chr4,17542500,17797500,chr4,17542500,17547500,chr4,17792500,17797500
24820,chr4,17542500,17807500,chr4,17542500,17547500,chr4,17802500,17807500
24821,chr4,17542500,18367500,chr4,17542500,17547500,chr4,18362500,18367500
4901,chr4,17542500,18597500,chr4,17542500,17547500,chr4,18592500,18597500
4902,chr4,17545000,18370000,chr4,17545000,17550000,chr4,18365000,18370000
30200,chr4,17552500,17637500,chr4,17552500,17557500,chr4,17632500,17637500
12453,chr4,17570000,17640000,chr4,17570000,17575000,chr4,17635000,17640000
31992,chr4,17592500,17807500,chr4,17592500,17597500,chr4,17802500,17807500
30201,chr4,17612500,17807500,chr4,17612500,17617500,chr4,17802500,17807500
4992,chr4,73592500,74137500,chr4,73592500,73597500,chr4,74132500,74137500
24940,chr4,73595000,74135000,chr4,73595000,73600000,chr4,74130000,74135000
24942,chr4,73660000,74140000,chr4,73660000,73665000,chr4,74135000,74140000
24941,chr4,73662500,73857500,chr4,73662500,73667500,chr4,73852500,73857500
17120,chr4,73662500,73867500,chr4,73662500,73667500,chr4,73862500,73867500
4993,chr4,73662500,73927500,chr4,73662500,73667500,chr4,73922500,73927500
18759,chr4,73662500,74037500,chr4,73662500,73667500,chr4,74032500,74037500
4994,chr4,73662500,74137500,chr4,73662500,73667500,chr4,74132500,74137500
30253,chr4,73662500,74307500,chr4,73662500,73667500,chr4,74302500,74307500
24943,chr4,73665000,73925000,chr4,73665000,73670000,chr4,73920000,73925000
24944,chr4,73730000,73865000,chr4,73730000,73735000,chr4,73860000,73865000
4995,chr4,73730000,73870000,chr4,73730000,73735000,chr4,73865000,73870000
12579,chr4,73732500,74137500,chr4,73732500,73737500,chr4,74132500,74137500
24945,chr4,73742500,74137500,chr4,73742500,73747500,chr4,74132500,74137500
5014,chr4,74870000,75475000,chr4,74870000,74875000,chr4,75470000,75475000
5015,chr4,74872500,75297500,chr4,74872500,74877500,chr4,75292500,75297500
24956,chr4,74872500,75477500,chr4,74872500,74877500,chr4,75472500,75477500
30261,chr4,74872500,75577500,chr4,74872500,74877500,chr4,75572500,75577500
30262,chr4,74875000,75295000,chr4,74875000,74880000,chr4,75290000,75295000
5016,chr4,74875000,75575000,chr4,74875000,74880000,chr4,75570000,75575000
5017,chr4,74912500,75297500,chr4,74912500,74917500,chr4,75292500,75297500
5018,chr4,74925000,75475000,chr4,74925000,74930000,chr4,75470000,75475000
5019,chr4,74930000,75295000,chr4,74930000,74935000,chr4,75290000,75295000
30263,chr4,74932500,75477500,chr4,74932500,74937500,chr4,75472500,75477500
12586,chr4,74935000,75250000,chr4,74935000,74940000,chr4,75245000,75250000
30299,chr4,105502500,105717500,chr4,105502500,105507500,chr4,105712500,105717500
25077,chr4,105512500,105647500,chr4,105512500,105517500,chr4,105642500,105647500
17150,chr4,105512500,105717500,chr4,105512500,105517500,chr4,105712500,105717500
5097,chr4,105512500,106207500,chr4,105512500,105517500,chr4,106202500,106207500
12685,chr4,105515000,105675000,chr4,105515000,105520000,chr4,105670000,105675000
12686,chr4,105522500,105637500,chr4,105522500,105527500,chr4,105632500,105637500
25078,chr4,105522500,105717500,chr4,105522500,105527500,chr4,105712500,105717500
5107,chr4,109420000,109980000,chr4,109420000,109425000,chr4,109975000,109980000
12696,chr4,109422500,109817500,chr4,109422500,109427500,chr4,109812500,109817500
18770,chr4,109425000,109830000,chr4,109425000,109430000,chr4,109825000,109830000
30304,chr4,109425000,109980000,chr4,109425000,109430000,chr4,109975000,109980000
25090,chr4,109700000,109985000,chr4,109700000,109705000,chr4,109980000,109985000
25091,chr4,109815000,109975000,chr4,109815000,109820000,chr4,109970000,109975000
12697,chr4,109822500,109987500,chr4,109822500,109827500,chr4,109982500,109987500
5122,chr4,112322500,112947500,chr4,112322500,112327500,chr4,112942500,112947500
5125,chr4,112630000,112945000,chr4,112630000,112635000,chr4,112940000,112945000
30313,chr4,112632500,112947500,chr4,112632500,112637500,chr4,112942500,112947500
12714,chr4,113272500,114687500,chr4,113272500,113277500,chr4,114682500,114687500
12715,chr4,113280000,114385000,chr4,113280000,113285000,chr4,114380000,114385000
25116,chr4,113290000,114390000,chr4,113290000,113295000,chr4,114385000,114390000
30314,chr4,113292500,114377500,chr4,113292500,113297500,chr4,114372500,114377500
25117,chr4,113372500,114377500,chr4,113372500,113377500,chr4,114372500,114377500
12716,chr4,113382500,114077500,chr4,113382500,113387500,chr4,114072500,114077500
17160,chr4,113382500,114697500,chr4,113382500,113387500,chr4,114692500,114697500
5288,chr4,179402500,186247500,chr4,179402500,179407500,chr4,186242500,186247500
12875,chr4,183465000,183795000,chr4,183465000,183470000,chr4,183790000,183795000
17226,chr4,183470000,183840000,chr4,183470000,183475000,chr4,183835000,183840000
17227,chr4,183470000,184105000,chr4,183470000,183475000,chr4,184100000,184105000
12876,chr4,183472500,183607500,chr4,183472500,183477500,chr4,183602500,183607500
25306,chr4,183472500,183617500,chr4,183472500,183477500,chr4,183612500,183617500
25305,chr4,183472500,184157500,chr4,183472500,183477500,chr4,184152500,184157500
17228,chr4,183472500,184167500,chr4,183472500,183477500,chr4,184162500,184167500
12877,chr4,183475000,184245000,chr4,183475000,183480000,chr4,184240000,184245000
5304,chr4,186295000,186555000,chr4,186295000,186300000,chr4,186550000,186555000
30397,chr4,186295000,186590000,chr4,186295000,186300000,chr4,186585000,186590000
25323,chr4,186302500,186557500,chr4,186302500,186307500,chr4,186552500,186557500
32053,chr4,186322500,187507500,chr4,186322500,186327500,chr4,187502500,187507500
12889,chr4,186330000,187790000,chr4,186330000,186335000,chr4,187785000,187790000
5305,chr4,186382500,187677500,chr4,186382500,186387500,chr4,187672500,187677500
12891,chr4,186472500,186557500,chr4,186472500,186477500,chr4,186552500,186557500
25526,chr5,76600000,76785000,chr5,76600000,76605000,chr5,76780000,76785000
30483,chr5,76602500,76767500,chr5,76602500,76607500,chr5,76762500,76767500
13037,chr5,76602500,76857500,chr5,76602500,76607500,chr5,76852500,76857500
5481,chr5,76602500,77017500,chr5,76602500,76607500,chr5,77012500,77017500
5482,chr5,76605000,76775000,chr5,76605000,76610000,chr5,76770000,76775000
25527,chr5,76650000,76775000,chr5,76650000,76655000,chr5,76770000,76775000
5483,chr5,76710000,76775000,chr5,76710000,76715000,chr5,76770000,76775000
30484,chr5,76710000,76780000,chr5,76710000,76715000,chr5,76775000,76780000
13196,chr5,135872500,136207500,chr5,135872500,135877500,chr5,136202500,136207500
25696,chr5,135882500,136217500,chr5,135882500,135887500,chr5,136212500,136217500
13197,chr5,135885000,136075000,chr5,135885000,135890000,chr5,136070000,136075000
25697,chr5,135885000,136085000,chr5,135885000,135890000,chr5,136080000,136085000
5617,chr5,135885000,136175000,chr5,135885000,135890000,chr5,136170000,136175000
5618,chr5,135932500,136077500,chr5,135932500,135937500,chr5,136072500,136077500
13198,chr5,135935000,136215000,chr5,135935000,135940000,chr5,136210000,136215000
25698,chr5,135940000,136070000,chr5,135940000,135945000,chr5,136065000,136070000
30559,chr5,135942500,136177500,chr5,135942500,135947500,chr5,136172500,136177500
5619,chr5,135945000,136175000,chr5,135945000,135950000,chr5,136170000,136175000
5636,chr5,141660000,141965000,chr5,141660000,141665000,chr5,141960000,141965000
25719,chr5,141662500,141967500,chr5,141662500,141667500,chr5,141962500,141967500
30567,chr5,141672500,142137500,chr5,141672500,141677500,chr5,142132500,142137500
13219,chr5,141682500,141967500,chr5,141682500,141687500,chr5,141962500,141967500
25720,chr5,141682500,141987500,chr5,141682500,141687500,chr5,141982500,141987500
5637,chr5,141692500,141887500,chr5,141692500,141697500,chr5,141882500,141887500
25722,chr5,141692500,141967500,chr5,141692500,141697500,chr5,141962500,141967500
25723,chr5,141695000,141885000,chr5,141695000,141700000,chr5,141880000,141885000
13222,chr5,141755000,141890000,chr5,141755000,141760000,chr5,141885000,141890000
25725,chr5,141805000,141885000,chr5,141805000,141810000,chr5,141880000,141885000
13267,chr5,150452500,150777500,chr5,150452500,150457500,chr5,150772500,150777500
5680,chr5,150462500,150667500,chr5,150462500,150467500,chr5,150662500,150667500
17395,chr5,150462500,150847500,chr5,150462500,150467500,chr5,150842500,150847500
13268,chr5,150552500,150847500,chr5,150552500,150557500,chr5,150842500,150847500
13269,chr5,150560000,150780000,chr5,150560000,150565000,chr5,150775000,150780000
25773,chr5,150562500,150657500,chr5,150562500,150567500,chr5,150652500,150657500
30589,chr5,150562500,150847500,chr5,150562500,150567500,chr5,150842500,150847500
13270,chr5,150572500,150667500,chr5,150572500,150577500,chr5,150662500,150667500
13271,chr5,150630000,151770000,chr5,150630000,150635000,chr5,151765000,151770000
5738,chr5,170832500,178757500,chr5,170832500,170837500,chr5,178752500,178757500
5743,chr5,172105000,172370000,chr5,172105000,172110000,chr5,172365000,172370000
25853,chr5,172105000,172375000,chr5,172105000,172110000,chr5,172370000,172375000
13318,chr5,172185000,172375000,chr5,172185000,172190000,chr5,172370000,172375000
25854,chr5,172285000,172365000,chr5,172285000,172290000,chr5,172360000,172365000
13319,chr5,172290000,172375000,chr5,172290000,172295000,chr5,172370000,172375000
30611,chr5,172702500,173207500,chr5,172702500,172707500,chr5,173202500,173207500
5745,chr5,172712500,173277500,chr5,172712500,172717500,chr5,173272500,173277500
25857,chr5,172972500,173207500,chr5,172972500,172977500,chr5,173202500,173207500
25856,chr5,172972500,173277500,chr5,172972500,172977500,chr5,173272500,173277500
13323,chr5,172972500,173287500,chr5,172972500,172977500,chr5,173282500,173287500
5746,chr5,172980000,173145000,chr5,172980000,172985000,chr5,173140000,173145000
25858,chr5,172980000,173150000,chr5,172980000,172985000,chr5,173145000,173150000
13324,chr5,172985000,173055000,chr5,172985000,172990000,chr5,173050000,173055000
17490,chr6,28692500,29587500,chr6,28692500,28697500,chr6,29582500,29587500
13434,chr6,29042500,29577500,chr6,29042500,29047500,chr6,29572500,29577500
30669,chr6,29052500,29587500,chr6,29052500,29057500,chr6,29582500,29587500
13435,chr6,29072500,29587500,chr6,29072500,29077500,chr6,29582500,29587500
17492,chr6,29370000,29595000,chr6,29370000,29375000,chr6,29590000,29595000
25969,chr6,29382500,29597500,chr6,29382500,29387500,chr6,29592500,29597500
32099,chr6,29410000,29595000,chr6,29410000,29415000,chr6,29590000,29595000
5848,chr6,29412500,29587500,chr6,29412500,29417500,chr6,29582500,29587500
25970,chr6,29640000,29835000,chr6,29640000,29645000,chr6,29830000,29835000
25971,chr6,29702500,30017500,chr6,29702500,29707500,chr6,30012500,30017500
25972,chr6,29712500,29837500,chr6,29712500,29717500,chr6,29832500,29837500
13436,chr6,29722500,29837500,chr6,29722500,29727500,chr6,29832500,29837500
5849,chr6,29722500,30027500,chr6,29722500,29727500,chr6,30022500,30027500
30670,chr6,29732500,29837500,chr6,29732500,29737500,chr6,29832500,29837500
25976,chr6,30470000,31095000,chr6,30470000,30475000,chr6,31090000,31095000
17494,chr6,30480000,30735000,chr6,30480000,30485000,chr6,30730000,30735000
30672,chr6,30542500,31087500,chr6,30542500,30547500,chr6,31082500,31087500
5854,chr6,30675000,30730000,chr6,30675000,30680000,chr6,30725000,30730000
30673,chr6,30680000,30730000,chr6,30680000,30685000,chr6,30725000,30730000
17498,chr6,31132500,31377500,chr6,31132500,31137500,chr6,31372500,31377500
25979,chr6,31142500,31367500,chr6,31142500,31147500,chr6,31362500,31367500
13441,chr6,31145000,31280000,chr6,31145000,31150000,chr6,31275000,31280000
25980,chr6,31195000,31370000,chr6,31195000,31200000,chr6,31365000,31370000
5856,chr6,31202500,31367500,chr6,31202500,31207500,chr6,31362500,31367500
5857,chr6,31270000,31360000,chr6,31270000,31275000,chr6,31355000,31360000
5897,chr6,42902500,43147500,chr6,42902500,42907500,chr6,43142500,43147500
26041,chr6,42912500,43347500,chr6,42912500,42917500,chr6,43342500,43347500
32110,chr6,79082500,79677500,chr6,79082500,79087500,chr6,79672500,79677500
30746,chr6,79432500,79687500,chr6,79432500,79437500,chr6,79682500,79687500
13556,chr6,79432500,79697500,chr6,79432500,79437500,chr6,79692500,79697500
6127,chr6,131692500,131907500,chr6,131692500,131697500,chr6,131902500,131907500
26317,chr6,131782500,131907500,chr6,131782500,131787500,chr6,131902500,131907500
13710,chr6,131782500,131917500,chr6,131782500,131787500,chr6,131912500,131917500
26318,chr6,131805000,131910000,chr6,131805000,131810000,chr6,131905000,131910000
26319,chr6,131920000,132165000,chr6,131920000,131925000,chr6,132160000,132165000
6129,chr6,131920000,132170000,chr6,131920000,131925000,chr6,132165000,132170000
6128,chr6,131920000,132255000,chr6,131920000,131925000,chr6,132250000,132255000
26320,chr6,131920000,132260000,chr6,131920000,131925000,chr6,132255000,132260000
30820,chr6,131922500,132227500,chr6,131922500,131927500,chr6,132222500,132227500
30819,chr6,131922500,132287500,chr6,131922500,131927500,chr6,132282500,132287500
13711,chr6,131922500,132487500,chr6,131922500,131927500,chr6,132482500,132487500
13712,chr6,131925000,132215000,chr6,131925000,131930000,chr6,132210000,132215000
6130,chr6,131925000,132295000,chr6,131925000,131930000,chr6,132290000,132295000
30821,chr6,131932500,132487500,chr6,131932500,131937500,chr6,132482500,132487500
26328,chr6,133562500,134107500,chr6,133562500,133567500,chr6,134102500,134107500
13721,chr6,133572500,134097500,chr6,133572500,133577500,chr6,134092500,134097500
26330,chr6,133832500,134107500,chr6,133832500,133837500,chr6,134102500,134107500
18881,chr6,133842500,134107500,chr6,133842500,133847500,chr6,134102500,134107500
6137,chr6,133922500,134097500,chr6,133922500,133927500,chr6,134092500,134097500
30827,chr6,133925000,134100000,chr6,133925000,133930000,chr6,134095000,134100000
17629,chr6,133930000,134070000,chr6,133930000,133935000,chr6,134065000,134070000
13723,chr6,133932500,134927500,chr6,133932500,133937500,chr6,134922500,134927500
30828,chr6,133942500,134087500,chr6,133942500,133947500,chr6,134082500,134087500
13724,chr6,133942500,134857500,chr6,133942500,133947500,chr6,134852500,134857500
6139,chr6,133970000,134065000,chr6,133970000,133975000,chr6,134060000,134065000
6138,chr6,133970000,134100000,chr6,133970000,133975000,chr6,134095000,134100000
26333,chr6,134132500,135427500,chr6,134132500,134137500,chr6,135422500,135427500
13729,chr6,135080000,135435000,chr6,135080000,135085000,chr6,135430000,135435000
6142,chr6,135142500,135427500,chr6,135142500,135147500,chr6,135422500,135427500
6202,chr6,149932500,150017500,chr6,149932500,149937500,chr6,150012500,150017500
18893,chr6,149932500,150337500,chr6,149932500,149937500,chr6,150332500,150337500
26410,chr6,149932500,150397500,chr6,149932500,149937500,chr6,150392500,150397500
17647,chr6,149942500,150817500,chr6,149942500,149947500,chr6,150812500,150817500
6404,chr7,44582500,45127500,chr7,44582500,44587500,chr7,45122500,45127500
26615,chr7,44852500,45137500,chr7,44852500,44857500,chr7,45132500,45137500
26616,chr7,44985000,45120000,chr7,44985000,44990000,chr7,45115000,45120000
32165,chr7,51412500,55607500,chr7,51412500,51417500,chr7,55602500,55607500
14015,chr7,54760000,55375000,chr7,54760000,54765000,chr7,55370000,55375000
17749,chr7,54762500,55427500,chr7,54762500,54767500,chr7,55422500,55427500
26645,chr7,54770000,55265000,chr7,54770000,54775000,chr7,55260000,55265000
6426,chr7,54772500,55267500,chr7,54772500,54777500,chr7,55262500,55267500
26646,chr7,54772500,55417500,chr7,54772500,54777500,chr7,55412500,55417500
26647,chr7,54780000,55070000,chr7,54780000,54785000,chr7,55065000,55070000
14017,chr7,54780000,55085000,chr7,54780000,54785000,chr7,55080000,55085000
26649,chr7,54840000,55060000,chr7,54840000,54845000,chr7,55055000,55060000
26650,chr7,54840000,55255000,chr7,54840000,54845000,chr7,55250000,55255000
14018,chr7,54850000,55260000,chr7,54850000,54855000,chr7,55255000,55260000
30967,chr7,54862500,55247500,chr7,54862500,54867500,chr7,55242500,55247500
17750,chr7,54875000,55260000,chr7,54875000,54880000,chr7,55255000,55260000
14019,chr7,54955000,55250000,chr7,54955000,54960000,chr7,55245000,55250000
17751,chr7,55042500,55247500,chr7,55042500,55047500,chr7,55242500,55247500
30968,chr7,55070000,55135000,chr7,55070000,55075000,chr7,55130000,55135000
6427,chr7,55075000,55135000,chr7,55075000,55080000,chr7,55130000,55135000
30982,chr7,73862500,74397500,chr7,73862500,73867500,chr7,74392500,74397500
6439,chr7,74202500,74397500,chr7,74202500,74207500,chr7,74392500,74397500
17765,chr7,75642500,75757500,chr7,75642500,75647500,chr7,75752500,75757500
14027,chr7,75680000,75730000,chr7,75680000,75685000,chr7,75725000,75730000
6440,chr7,75872500,76007500,chr7,75872500,75877500,chr7,76002500,76007500
6441,chr7,76172500,76317500,chr7,76172500,76177500,chr7,76312500,76317500
30987,chr7,76175000,76315000,chr7,76175000,76180000,chr7,76310000,76315000
31020,chr7,98292500,98847500,chr7,98292500,98297500,chr7,98842500,98847500
14093,chr7,98302500,98847500,chr7,98302500,98307500,chr7,98842500,98847500
6504,chr7,98430000,98745000,chr7,98430000,98435000,chr7,98740000,98745000
26731,chr7,98430000,98845000,chr7,98430000,98435000,chr7,98840000,98845000
31021,chr7,98432500,98747500,chr7,98432500,98437500,chr7,98742500,98747500
6505,chr7,98432500,98837500,chr7,98432500,98437500,chr7,98832500,98837500
26825,chr7,130062500,130747500,chr7,130062500,130067500,chr7,130742500,130747500
26826,chr7,130062500,130827500,chr7,130062500,130067500,chr7,130822500,130827500
26827,chr7,130072500,130697500,chr7,130072500,130077500,chr7,130692500,130697500
31065,chr7,130072500,130727500,chr7,130072500,130077500,chr7,130722500,130727500
14178,chr7,130072500,130747500,chr7,130072500,130077500,chr7,130742500,130747500
14179,chr7,130072500,130827500,chr7,130072500,130077500,chr7,130822500,130827500
6597,chr7,130240000,130565000,chr7,130240000,130245000,chr7,130560000,130565000
14180,chr7,130240000,130760000,chr7,130240000,130245000,chr7,130755000,130760000
6598,chr7,130242500,130717500,chr7,130242500,130247500,chr7,130712500,130717500
6604,chr7,131502500,131657500,chr7,131502500,131507500,chr7,131652500,131657500
17840,chr7,131555000,131655000,chr7,131555000,131560000,chr7,131650000,131655000
14221,chr7,149002500,149087500,chr7,149002500,149007500,chr7,149082500,149087500
26882,chr7,149282500,149777500,chr7,149282500,149287500,chr7,149772500,149777500
31082,chr7,149310000,149500000,chr7,149310000,149315000,chr7,149495000,149500000
27000,chr8,27312500,27597500,chr8,27312500,27317500,chr8,27592500,27597500
17905,chr8,27462500,27597500,chr8,27462500,27467500,chr8,27592500,27597500
27002,chr8,27462500,27757500,chr8,27462500,27467500,chr8,27752500,27757500
27004,chr8,27602500,27737500,chr8,27602500,27607500,chr8,27732500,27737500
6738,chr8,27610000,27735000,chr8,27610000,27615000,chr8,27730000,27735000
6739,chr8,27610000,27770000,chr8,27610000,27615000,chr8,27765000,27770000
17906,chr8,27612500,27757500,chr8,27612500,27617500,chr8,27752500,27757500
27005,chr8,27612500,27767500,chr8,27612500,27617500,chr8,27762500,27767500
6798,chr8,51662500,52007500,chr8,51662500,51667500,chr8,52002500,52007500
17932,chr8,51852500,52007500,chr8,51852500,51857500,chr8,52002500,52007500
27074,chr8,51852500,52017500,chr8,51852500,51857500,chr8,52012500,52017500
14455,chr8,94802500,95257500,chr8,94802500,94807500,chr8,95252500,95257500
6897,chr8,94810000,95020000,chr8,94810000,94815000,chr8,95015000,95020000
32208,chr8,94812500,95027500,chr8,94812500,94817500,chr8,95022500,95027500
14456,chr8,94812500,95167500,chr8,94812500,94817500,chr8,95162500,95167500
27192,chr8,94812500,95257500,chr8,94812500,94817500,chr8,95252500,95257500
14457,chr8,94822500,94897500,chr8,94822500,94827500,chr8,94892500,94897500
14458,chr8,94892500,95257500,chr8,94892500,94897500,chr8,95252500,95257500
27271,chr8,118742500,119437500,chr8,118742500,118747500,chr8,119432500,119437500
14531,chr8,118752500,119437500,chr8,118752500,118757500,chr8,119432500,119437500
27273,chr8,119072500,119437500,chr8,119072500,119077500,chr8,119432500,119437500
14533,chr8,119090000,119425000,chr8,119090000,119095000,chr8,119420000,119425000
27276,chr8,119252500,119417500,chr8,119252500,119257500,chr8,119412500,119417500
27277,chr8,119255000,119435000,chr8,119255000,119260000,chr8,119430000,119435000
6968,chr8,119260000,119425000,chr8,119260000,119265000,chr8,119420000,119425000
6969,chr8,119262500,119437500,chr8,119262500,119267500,chr8,119432500,119437500
27297,chr8,122670000,123020000,chr8,122670000,122675000,chr8,123015000,123020000
31234,chr8,122670000,123065000,chr8,122670000,122675000,chr8,123060000,123065000
6980,chr8,122670000,123155000,chr8,122670000,122675000,chr8,123150000,123155000
31235,chr8,122672500,123147500,chr8,122672500,122677500,chr8,123142500,123147500
14553,chr8,122675000,123225000,chr8,122675000,122680000,chr8,123220000,123225000
27298,chr8,122725000,123030000,chr8,122725000,122730000,chr8,123025000,123030000
6981,chr8,122730000,123025000,chr8,122730000,122735000,chr8,123020000,123025000
6982,chr8,122730000,123160000,chr8,122730000,122735000,chr8,123155000,123160000
32213,chr8,122735000,123065000,chr8,122735000,122740000,chr8,123060000,123065000
31236,chr8,122735000,123155000,chr8,122735000,122740000,chr8,123150000,123155000
18027,chr9,2132500,2837500,chr9,2132500,2137500,chr9,2832500,2837500
7043,chr9,2272500,3817500,chr9,2272500,2277500,chr9,3812500,3817500
32230,chr9,33582500,38557500,chr9,33582500,33587500,chr9,38552500,38557500
18989,chr9,33592500,38547500,chr9,33592500,33597500,chr9,38542500,38547500
27455,chr9,35605000,35735000,chr9,35605000,35610000,chr9,35730000,35735000
14711,chr9,35645000,35830000,chr9,35645000,35650000,chr9,35825000,35830000
7106,chr9,35655000,35735000,chr9,35655000,35660000,chr9,35730000,35735000
27456,chr9,35662500,35737500,chr9,35662500,35667500,chr9,35732500,35737500
14777,chr9,83212500,83587500,chr9,83212500,83217500,chr9,83582500,83587500
14778,chr9,83330000,83595000,chr9,83330000,83335000,chr9,83590000,83595000
27530,chr9,83330000,83605000,chr9,83330000,83335000,chr9,83600000,83605000
27531,chr9,83332500,83557500,chr9,83332500,83337500,chr9,83552500,83557500
18071,chr9,83342500,83547500,chr9,83342500,83347500,chr9,83542500,83547500
7156,chr9,83622500,83917500,chr9,83622500,83627500,chr9,83912500,83917500
27532,chr9,83832500,83917500,chr9,83832500,83837500,chr9,83912500,83917500
18998,chr9,83832500,84317500,chr9,83832500,83837500,chr9,84312500,84317500
7157,chr9,83835000,84265000,chr9,83835000,83840000,chr9,84260000,84265000
7158,chr9,83840000,83915000,chr9,83840000,83845000,chr9,83910000,83915000
32235,chr9,83842500,84267500,chr9,83842500,83847500,chr9,84262500,84267500
7159,chr9,83882500,85847500,chr9,83882500,83887500,chr9,85842500,85847500
7205,chr9,99172500,100217500,chr9,99172500,99177500,chr9,100212500,100217500
7206,chr9,99172500,100327500,chr9,99172500,99177500,chr9,100322500,100327500
31351,chr9,99172500,100597500,chr9,99172500,99177500,chr9,100592500,100597500
27601,chr9,99182500,100007500,chr9,99182500,99187500,chr9,100002500,100007500
14857,chr9,99182500,100017500,chr9,99182500,99187500,chr9,100012500,100017500
14858,chr9,99182500,100597500,chr9,99182500,99187500,chr9,100592500,100597500
14859,chr9,99185000,100325000,chr9,99185000,99190000,chr9,100320000,100325000
14861,chr9,99252500,100007500,chr9,99252500,99257500,chr9,100002500,100007500
31352,chr9,99272500,100007500,chr9,99272500,99277500,chr9,100002500,100007500
14862,chr9,99272500,100017500,chr9,99272500,99277500,chr9,100012500,100017500
27602,chr9,99792500,100017500,chr9,99792500,99797500,chr9,100012500,100017500
14863,chr9,99802500,100017500,chr9,99802500,99807500,chr9,100012500,100017500
18092,chr9,99822500,99907500,chr9,99822500,99827500,chr9,99902500,99907500
27617,chr9,105795000,106945000,chr9,105795000,105800000,chr9,106940000,106945000
27618,chr9,105832500,107167500,chr9,105832500,105837500,chr9,107162500,107167500
7223,chr9,105840000,107175000,chr9,105840000,105845000,chr9,107170000,107175000
14881,chr9,108852500,109517500,chr9,108852500,108857500,chr9,109512500,109517500
14884,chr9,109185000,109520000,chr9,109185000,109190000,chr9,109515000,109520000
14886,chr9,109422500,109517500,chr9,109422500,109427500,chr9,109512500,109517500
27627,chr9,109432500,109517500,chr9,109432500,109437500,chr9,109512500,109517500
14888,chr9,109562500,109647500,chr9,109562500,109567500,chr9,109642500,109647500
27628,chr9,109562500,109657500,chr9,109562500,109567500,chr9,109652500,109657500
14887,chr9,109562500,109817500,chr9,109562500,109567500,chr9,109812500,109817500
31369,chr9,109562500,109887500,chr9,109562500,109567500,chr9,109882500,109887500
7230,chr9,109562500,110147500,chr9,109562500,109567500,chr9,110142500,110147500
7231,chr9,109570000,109890000,chr9,109570000,109575000,chr9,109885000,109890000
27629,chr9,109570000,110155000,chr9,109570000,109575000,chr9,110150000,110155000
31370,chr9,109572500,109817500,chr9,109572500,109577500,chr9,109812500,109817500
14889,chr9,109572500,109837500,chr9,109572500,109577500,chr9,109832500,109837500
27630,chr9,109575000,109890000,chr9,109575000,109580000,chr9,109885000,109890000
14890,chr9,109662500,109827500,chr9,109662500,109667500,chr9,109822500,109827500
27631,chr9,109702500,109827500,chr9,109702500,109707500,chr9,109822500,109827500
27633,chr9,109900000,110060000,chr9,109900000,109905000,chr9,110055000,110060000
27632,chr9,109900000,110155000,chr9,109900000,109905000,chr9,110150000,110155000
14892,chr9,109900000,110630000,chr9,109900000,109905000,chr9,110625000,110630000
14891,chr9,109902500,110047500,chr9,109902500,109907500,chr9,110042500,110047500
7232,chr9,109902500,110157500,chr9,109902500,109907500,chr9,110152500,110157500
7249,chr9,114672500,115527500,chr9,114672500,114677500,chr9,115522500,115527500
7251,chr9,114735000,115535000,chr9,114735000,114740000,chr9,115530000,115535000
27656,chr9,114742500,115527500,chr9,114742500,114747500,chr9,115522500,115527500
14918,chr9,114910000,115525000,chr9,114910000,114915000,chr9,115520000,115525000
27658,chr9,114922500,115527500,chr9,114922500,114927500,chr9,115522500,115527500
14919,chr9,114932500,115537500,chr9,114932500,114937500,chr9,115532500,115537500
14920,chr9,115012500,115527500,chr9,115012500,115017500,chr9,115522500,115527500
27659,chr9,115022500,115527500,chr9,115022500,115027500,chr9,115522500,115527500
18108,chr9,115112500,115517500,chr9,115112500,115117500,chr9,115512500,115517500
27692,chr9,124772500,125377500,chr9,124772500,124777500,chr9,125372500,125377500
18114,chr9,124782500,125377500,chr9,124782500,124787500,chr9,125372500,125377500
7288,chr9,124862500,125377500,chr9,124862500,124867500,chr9,125372500,125377500
27694,chr9,124940000,125385000,chr9,124940000,124945000,chr9,125380000,125385000
14941,chr9,125132500,125377500,chr9,125132500,125137500,chr9,125372500,125377500
18131,chr9,136332500,136647500,chr9,136332500,136337500,chr9,136642500,136647500
7325,chr9,136492500,136637500,chr9,136492500,136497500,chr9,136632500,136637500
7326,chr9,136782500,137037500,chr9,136782500,136787500,chr9,137032500,137037500
31440,chrX,37502500,38177500,chrX,37502500,37507500,chrX,38172500,38177500
18150,chrX,37512500,38177500,chrX,37512500,37517500,chrX,38172500,38177500
7360,chrX,37742500,38177500,chrX,37742500,37747500,chrX,38172500,38177500
18151,chrX,37922500,38167500,chrX,37922500,37927500,chrX,38162500,38167500
27757,chrX,37932500,38167500,chrX,37932500,37937500,chrX,38162500,38167500
27758,chrX,38190000,38335000,chrX,38190000,38195000,chrX,38330000,38335000
15011,chrX,38202500,38327500,chrX,38202500,38207500,chrX,38322500,38327500
27773,chrX,51615000,52250000,chrX,51615000,51620000,chrX,52245000,52250000
7377,chrX,51622500,52247500,chrX,51622500,51627500,chrX,52242500,52247500
7400,chrX,74380000,74460000,chrX,74380000,74385000,chrX,74455000,74460000
27790,chrX,74382500,74547500,chrX,74382500,74387500,chrX,74542500,74547500
7401,chrX,74385000,74545000,chrX,74385000,74390000,chrX,74540000,74545000
31462,chrX,101422500,101807500,chrX,101422500,101427500,chrX,101802500,101807500
15087,chrX,136022500,136697500,chrX,136022500,136027500,chrX,136692500,136697500
27856,chrX,136582500,136697500,chrX,136582500,136587500,chrX,136692500,136697500
7437,chrX,136702500,136927500,chrX,136702500,136707500,chrX,136922500,136927500
27857,chrX,136710000,136920000,chrX,136710000,136715000,chrX,136915000,136920000
15092,chrX,152830000,152875000,chrX,152830000,152835000,chrX,152870000,152875000
18211,chrX,152952500,153657500,chrX,152952500,152957500,chrX,153652500,153657500
27864,chrX,152960000,153045000,chrX,152960000,152965000,chrX,153040000,153045000
